country_id,country,iso_codes,scenario_presence,2003_vanilla_region_count,2003_vanilla_population,2003_vanilla_gdp_template_usd,2003_vanilla_global_gdp_scaling,2003_vanilla_gdp_effective_usd,2003_vanilla_gdp_per_capita,2003_imf_population,2003_us_gdp_deflator,2003_to_2022_usd_multiplier,2003_nominal_gdp_2022_usd,2003_nominal_gdp_per_capita_2022_usd,2003_ppp_gdp_2022_intl_dollars,2003_ppp_gdp_per_capita_2022_intl_dollars,2003_population_coverage,2003_nominal_coverage,2003_ppp_coverage,2022_vanilla_region_count,2022_vanilla_population,2022_vanilla_gdp_template_usd,2022_vanilla_global_gdp_scaling,2022_vanilla_gdp_effective_usd,2022_vanilla_gdp_per_capita,2022_imf_population,2022_us_gdp_deflator,2022_to_2022_usd_multiplier,2022_nominal_gdp_2022_usd,2022_nominal_gdp_per_capita_2022_usd,2022_ppp_gdp_2022_intl_dollars,2022_ppp_gdp_per_capita_2022_intl_dollars,2022_population_coverage,2022_nominal_coverage,2022_ppp_coverage,2026_vanilla_region_count,2026_vanilla_population,2026_vanilla_gdp_template_usd,2026_vanilla_global_gdp_scaling,2026_vanilla_gdp_effective_usd,2026_vanilla_gdp_per_capita,2026_imf_population,2026_us_gdp_deflator,2026_to_2022_usd_multiplier,2026_nominal_gdp_2022_usd,2026_nominal_gdp_per_capita_2022_usd,2026_ppp_gdp_2022_intl_dollars,2026_ppp_gdp_per_capita_2022_intl_dollars,2026_population_coverage,2026_nominal_coverage,2026_ppp_coverage,quality_flags,imf_source_url
AFG,Afghanistan,AFG,2003|2022|2026,1,22733049,14740350877,1.59,23437157894,1031,22645130,77.006115,1.532642193415419,6977842498,308,38632453490,1706,complete,complete,complete,1,41044223,71202560000,1,71202560000,1735,40579000,118.022821,1,14500770000,357,86134897000,2123,complete,complete,complete,1,45047069,63810560000,0.87,55515187200,1232,,132.681448,0.8895201460267452,,,,,missing; missing AFG,missing; missing AFG,missing; missing AFG,"2026: pop=missing, nominal=missing, ppp=missing",https://api.imf.org/external/sdmx/3.0/data/dataflow/IMF.RES/WEO/9.0.0/
SBK,Albania,ALB,2003|2022|2026,1,3118088,9792397661,1.59,15569912281,4993,3039616,77.006115,1.532642193415419,8523605642,2804,25643830466,8437,complete,complete,complete,1,2864358,43847760000,1,43847760000,15308,2777689,118.022821,1,19188560000,6908,51631601000,18588,complete,complete,complete,1,2751025,55510400000,0.87,48294048000,17555,2668237,132.681448,0.8895201460267452,29650652558,11112,59923328763,22458,complete,complete,complete,complete,https://api.imf.org/external/sdmx/3.0/data/dataflow/IMF.RES/WEO/9.0.0/
DZA,Algeria,DZA,2003|2022|2026,2,32175818,162825146199,1.59,258891982456,8046,31885000,77.006115,1.532642193415419,112622018274,3532,426308499861,13370,complete,complete,complete,2,45578284,515834000000,1,515834000000,11318,45290853,118.022821,1,225709179000,4984,720069494000,15899,complete,complete,complete,2,48028334,770293920000,0.87,670155710400,13953,47850615,132.681448,0.8895201460267452,282132006330,5896,837522703283,17503,complete,complete,complete,complete,https://api.imf.org/external/sdmx/3.0/data/dataflow/IMF.RES/WEO/9.0.0/
AGO,Angola,AGO,2003|2022|2026,2,17943712,46713450292,1.59,74274385964,4139,17943712,77.006115,1.532642193415419,31177203677,1738,124244744444,6924,complete,complete,complete,2,35373918,213211680000,1,213211680000,6027,35635029,118.022821,1,139170645000,3905,336158298000,9433,complete,complete,complete,2,40215180,353896400000,0.87,307889868000,7656,40584269,132.681448,0.8895201460267452,135522367734,3339,377109254135,9292,complete,complete,complete,complete,https://api.imf.org/external/sdmx/3.0/data/dataflow/IMF.RES/WEO/9.0.0/
ARG,Argentina,ARG,2003|2022|2026,3,38424280,285999415205,1.59,454739070176,11835,37869730,77.006115,1.532642193415419,218296334991,5764,749552712888,19793,complete,complete,complete,3,46135796,1052111280000,1,1052111280000,22805,46234830,118.022821,1,633520291000,13702,1353339827000,29271,complete,complete,complete,3,46003732,1311344320000,0.87,1140869558400,24800,47948498,132.681448,0.8895201460267452,612326379280,12771,1415483140641,29521,complete,complete,complete,complete,https://api.imf.org/external/sdmx/3.0/data/dataflow/IMF.RES/WEO/9.0.0/
ARM,Armenia,ARM,2003|2022|2026,1,3038968,7950877193,1.59,12641894737,4160,3164900,77.006115,1.532642193415419,4302272238,1359,20916651572,6609,complete,complete,complete,1,2973185,41240320000,1,41240320000,13871,2984150,118.022821,1,19513693000,6539,56869163000,19057,complete,complete,complete,1,2930915,65378720000,0.87,56879486400,19407,3061817,132.681448,0.8895201460267452,28351728096,9260,73601209635,24038,complete,complete,complete,complete,https://api.imf.org/external/sdmx/3.0/data/dataflow/IMF.RES/WEO/9.0.0/
AUS,Australia,AUS,2003|2022|2026,6,19819451,370715789474,1.59,589438105264,29740,19827155,77.006115,1.532642193415419,830729535802,41899,973432208971,49096,complete,complete,complete,6,26155303,1412572480000,1,1412572480000,54007,26320285,118.022821,1,1731233002000,65776,1739877149000,66104,complete,complete,complete,6,27227093,1743871360000,0.87,1517168083200,55723,28076986,132.681448,0.8895201460267452,1889308173236,67290,1867003402203,66496,complete,complete,complete,complete,https://api.imf.org/external/sdmx/3.0/data/dataflow/IMF.RES/WEO/9.0.0/
ALP,Austria,AUT+LIE,2003|2022|2026,1,8122602,174208771930,1.59,276991947369,34101,8152539,77.006115,1.532642193415419,404693132040,49640,458182108563,56201,complete,complete,complete,1,9072935,512271760000,1,512271760000,56462,9017967,118.022821,1,481020440000,53340,649426725000,72015,complete,complete,complete,1,9107266,528807558400,0.87,460062575808,50516,9246281,132.681448,0.8895201460267452,563209045325,60912,648608249750,70148,complete,complete,complete,complete,https://api.imf.org/external/sdmx/3.0/data/dataflow/IMF.RES/WEO/9.0.0/
AZE,Azerbaijan,AZE,2003|2022|2026,1,8400530,19721637427,1.59,31357403509,3733,8269200,77.006115,1.532642193415419,11151145961,1349,51687536477,6251,complete,complete,complete,1,10323606,154579040000,1,154579040000,14973,10063300,118.022821,1,78807471000,7831,228681343000,22724,complete,complete,complete,1,10454855,239448000000,0.87,208319760000,19926,10496068,132.681448,0.8895201460267452,69713740630,6642,250218587088,23839,complete,complete,complete,complete,https://api.imf.org/external/sdmx/3.0/data/dataflow/IMF.RES/WEO/9.0.0/
BAH,Bahamas,BHS,2003|2022|2026,1,335618,5448538012,1.59,8663175439,25813,317966,77.006115,1.532642193415419,13594669595,42755,14261730653,44853,complete,complete,complete,1,401623,13951520000,1,13951520000,34738,399314,118.022821,1,13896810000,34802,14623598000,36622,complete,complete,complete,1,404629,14099360000,0.87,12266443200,30315,416763,132.681448,0.8895201460267452,15159617734,36375,16351077488,39234,complete,complete,complete,complete,https://api.imf.org/external/sdmx/3.0/data/dataflow/IMF.RES/WEO/9.0.0/
BGD,Bangladesh,BGD,2003|2022|2026,1,140970351,152713450292,1.59,242814385964,1722,134791603,77.006115,1.532642193415419,109975211110,816,400233717998,2969,complete,complete,complete,1,168375408,979968000000,1,979968000000,5820,168519572,118.022821,1,460201000000,2731,1431167623000,8493,complete,complete,complete,1,177818045,1568252400000,0.87,1364379588000,7673,175423223,132.681448,0.8895201460267452,454282259865,2590,1709436679355,9745,complete,complete,complete,complete,https://api.imf.org/external/sdmx/3.0/data/dataflow/IMF.RES/WEO/9.0.0/
BLR,Belarus,BLR,2003|2022|2026,1,9803176,42814619883,1.59,68075245614,6944,9796749,77.006115,1.532642193415419,28231296790,2882,111372966996,11368,complete,complete,complete,1,9429534,177539120000,1,177539120000,18828,9228071,118.022821,1,73735495000,7990,257198438000,27871,complete,complete,complete,1,8937018,274376080000,0.87,238707189600,26710,9041531,132.681448,0.8895201460267452,90768070497,10039,286443355701,31681,complete,complete,complete,complete,https://api.imf.org/external/sdmx/3.0/data/dataflow/IMF.RES/WEO/9.0.0/
BGM,Belgium,BEL+LUX,2003|2022|2026,1,10376260,206349122807,1.59,328095105263,31620,10804144,77.006115,1.532642193415419,532843965313,49318,600402189489,55571,complete,complete,complete,1,11678732,629779040000,1,629779040000,53925,12263020,118.022821,1,672415940000,54833,892703390000,72796,complete,complete,complete,1,11774643,791220320000,0.87,688361678400,58461,12624834,132.681448,0.8895201460267452,789135334466,62507,931091478662,73751,complete,complete,complete,complete,https://api.imf.org/external/sdmx/3.0/data/dataflow/IMF.RES/WEO/9.0.0/
BEL,Belize,BLZ,2003|2022|2026,1,263780,1176023392,1.59,1869877193,7089,269379,77.006115,1.532642193415419,2005125129,7444,3088975970,11467,complete,complete,complete,1,414463,2770240000,1,2770240000,6684,397484,118.022821,1,2846604000,7162,5420410000,13637,complete,complete,complete,1,428645,5871360000,0.87,5108083200,11917,424090,132.681448,0.8895201460267452,3068498480,7235,5920316969,13960,complete,complete,complete,complete,https://api.imf.org/external/sdmx/3.0/data/dataflow/IMF.RES/WEO/9.0.0/
BEN,Benin,BEN,2003|2022|2026,1,7913070,8922222222,1.59,14186333333,1793,7913070,77.006115,1.532642193415419,8196446306,1036,23521001482,2972,complete,complete,complete,1,12890081,46735040000,1,46735040000,3626,13759501,118.022821,1,17439127000,1267,52885365000,3844,complete,complete,complete,1,15170420,61167920000,0.87,53216090400,3508,15357095,132.681448,0.8895201460267452,24716015531,1609,69499432099,4526,complete,complete,complete,complete,https://api.imf.org/external/sdmx/3.0/data/dataflow/IMF.RES/WEO/9.0.0/
BHU,Bhutan,BTN,2003|2022|2026,1,637663,1473099415,1.59,2342228070,3673,631036,77.006115,1.532642193415419,944152038,1496,3861557910,6119,complete,complete,complete,1,790424,8670640000,1,8670640000,10970,778178,118.022821,1,2865875000,3683,11072563000,14229,complete,complete,complete,1,802214,12413280000,0.87,10799553600,13462,792312,132.681448,0.8895201460267452,3430157802,4329,14190533569,17910,complete,complete,complete,complete,https://api.imf.org/external/sdmx/3.0/data/dataflow/IMF.RES/WEO/9.0.0/
BOL,Bolivia,BOL,2003|2022|2026,1,9050700,22501754386,1.59,35777789474,3953,9050700,77.006115,1.532642193415419,13880295860,1534,70845779997,7828,complete,complete,complete,1,12042349,103731760000,1,103731760000,8614,12077154,118.022821,1,51330504000,4250,148606587000,12305,complete,complete,complete,1,12749291,126806240000,0.87,110321428800,8653,12749291,132.681448,0.8895201460267452,71822825808,5633,143938474533,11290,complete,complete,complete,complete,https://api.imf.org/external/sdmx/3.0/data/dataflow/IMF.RES/WEO/9.0.0/
BSM,Bosnia and Herzegovina,BIH,2003|2022|2026,1,4178523,13933918129,1.59,22154929825,5302,3760000,77.006115,1.532642193415419,13025762009,3464,37631253444,10008,complete,complete,complete,1,3245671,53397520000,1,53397520000,16452,3473057,118.022821,1,24580624000,7078,67181417000,19344,complete,complete,complete,1,3114242,69216400000,0.87,60218268000,19336,3436173,132.681448,0.8895201460267452,32708288218,9519,73734203571,21458,complete,complete,complete,complete,https://api.imf.org/external/sdmx/3.0/data/dataflow/IMF.RES/WEO/9.0.0/
BWA,Botswana,BWA,2003|2022|2026,1,1775736,10337426901,1.59,16436508773,9256,1775736,77.006115,1.532642193415419,11447393436,6447,27093035619,15257,complete,complete,complete,1,2454875,41590560000,1,41590560000,16942,2439892,118.022821,1,20321150000,8329,48733553000,19974,complete,complete,complete,1,2603388,46605680000,0.87,40546941600,15575,2583946,132.681448,0.8895201460267452,19513114349,7552,50657114677,19605,complete,complete,complete,complete,https://api.imf.org/external/sdmx/3.0/data/dataflow/IMF.RES/WEO/9.0.0/
BRA,Brazil,BRA,2003|2022|2026,9,180622688,952711695906,1.59,1514811596491,8387,181377654,77.006115,1.532642193415419,855570575951,4717,2496884086663,13766,complete,complete,complete,9,215777182,3239228960000,1,3239228960000,15012,210862983,118.022821,1,1951849476000,9256,4179562979000,19821,complete,complete,complete,9,213562666,4376578800000,0.87,3807623556000,17829,214082969,132.681448,0.8895201460267452,2344696395736,10952,4651821775036,21729,complete,complete,complete,complete,https://api.imf.org/external/sdmx/3.0/data/dataflow/IMF.RES/WEO/9.0.0/
BRU,Brunei,BRN,2003|2022|2026,1,346637,11721052632,1.59,18636473685,53764,346400,77.006115,1.532642193415419,11136066294,32148,32973969165,95190,complete,complete,complete,1,446604,33389000000,1,33389000000,74762,445400,118.022821,1,16684029000,37459,37244127000,83620,complete,complete,complete,1,469775,38573040000,0.87,33558544800,71435,464700,132.681448,0.8895201460267452,14999962211,32279,40450660005,87047,complete,complete,complete,complete,https://api.imf.org/external/sdmx/3.0/data/dataflow/IMF.RES/WEO/9.0.0/
BUL,Bulgaria,BGR,2003|2022|2026,1,7804409,44708771930,1.59,71086947369,9109,7801273,77.006115,1.532642193415419,32468019454,4162,117173852173,15020,complete,complete,complete,1,6829004,195399000000,1,195399000000,28613,6447710,118.022821,1,90715830000,14069,226385502000,35111,complete,complete,complete,1,6667660,232935120000,0.87,202653554400,30394,6210925,132.681448,0.8895201460267452,131756600207,21214,252162016040,40600,complete,complete,complete,complete,https://api.imf.org/external/sdmx/3.0/data/dataflow/IMF.RES/WEO/9.0.0/
BKF,Burkina Faso,BFA,2003|2022|2026,1,13082532,8414035088,1.59,13378315790,1023,13082532,77.006115,1.532642193415419,7264081820,555,22051781556,1686,complete,complete,complete,1,22294537,51906800000,1,51906800000,2328,22509038,118.022821,1,18662424000,829,59532337000,2645,complete,complete,complete,1,24601700,64081600000,0.87,55750992000,2266,24648262,132.681448,0.8895201460267452,28921134848,1173,70749413384,2870,complete,complete,complete,complete,https://api.imf.org/external/sdmx/3.0/data/dataflow/IMF.RES/WEO/9.0.0/
CPV,Cabo Verde,CPV,2003|2022|2026,1,473383,1044444444,1.59,1660666666,3508,437684,77.006115,1.532642193415419,1693350456,3869,2736661378,6253,complete,complete,complete,1,569457,3883440000,1,3883440000,6820,506595,118.022821,1,2252053000,4445,4926918000,9726,complete,complete,complete,1,529630,5543120000,0.87,4822514400,9105,516943,132.681448,0.8895201460267452,3067220240,5933,6122118847,11843,complete,complete,complete,complete,https://api.imf.org/external/sdmx/3.0/data/dataflow/IMF.RES/WEO/9.0.0/
KHM,Cambodia,KHM,2003|2022|2026,1,13050968,12172514620,1.59,19354298246,1483,13050968,77.006115,1.532642193415419,7774690762,596,31243712685,2394,complete,complete,complete,1,17237584,77313280000,1,77313280000,4485,17201724,118.022821,1,39460826000,2294,117384630000,6824,complete,complete,complete,1,18051220,132041360000,0.87,114875983200,6364,18051220,132.681448,0.8895201460267452,46592167723,2581,142753182712,7908,complete,complete,complete,complete,https://api.imf.org/external/sdmx/3.0/data/dataflow/IMF.RES/WEO/9.0.0/
CMR,Cameroon,CMR,2003|2022|2026,2,16160340,23624561404,1.59,37563052632,2324,16160340,77.006115,1.532642193415419,24437003481,1512,60725510632,3758,complete,complete,complete,2,28127452,108032320000,1,108032320000,3841,27632772,118.022821,1,44442500000,1608,143363134000,5188,complete,complete,complete,2,30640817,152217120000,0.87,132428894400,4322,30645570,132.681448,0.8895201460267452,57939097522,1891,163384564429,5331,complete,complete,complete,complete,https://api.imf.org/external/sdmx/3.0/data/dataflow/IMF.RES/WEO/9.0.0/
CAN,Canada,CAN,2003|2022|2026,9,31836482,609781871345,1.59,969553175439,30454,31601840,77.006115,1.532642193415419,1372632565960,43435,1598127114407,50571,complete,complete,complete,9,38939056,1968496640000,1,1968496640000,50553,38873253,118.022821,1,2200567395000,56609,2409845455000,61992,complete,complete,complete,9,40467728,2396059600000,0.87,2084571852000,51512,41577956,132.681448,0.8895201460267452,2230329871687,53642,2589142115382,62272,complete,complete,complete,complete,https://api.imf.org/external/sdmx/3.0/data/dataflow/IMF.RES/WEO/9.0.0/
CAF,Central African Republic,CAF,2003|2022|2026,2,4103086,1937426901,1.59,3080508773,751,4059364,77.006115,1.532642193415419,1824938517,450,5387784463,1327,complete,complete,complete,2,5047395,4864640000,1,4864640000,964,5131487,118.022821,1,2564794000,500,6705980000,1307,complete,complete,complete,2,5698984,6452160000,0.87,5613379200,985,5698984,132.681448,0.8895201460267452,3106633988,545,7442371333,1306,complete,complete,complete,complete,https://api.imf.org/external/sdmx/3.0/data/dataflow/IMF.RES/WEO/9.0.0/
TCD,Chad,TCD,2003|2022|2026,2,9487833,7223391813,1.59,11485192983,1211,9373913,77.006115,1.532642193415419,6168224260,658,19072109029,2035,complete,complete,complete,2,17571864,26121920000,1,26121920000,1487,17414000,118.022821,1,18051508000,1037,48941933000,2810,complete,complete,complete,2,21560380,49854640000,0.87,43373536800,2012,19491000,132.681448,0.8895201460267452,22796818886,1170,59958199732,3076,complete,complete,complete,complete,https://api.imf.org/external/sdmx/3.0/data/dataflow/IMF.RES/WEO/9.0.0/
CHL,Chile,CHL,2003|2022|2026,2,16024752,118815789474,1.59,188917105264,11789,15882092,77.006115,1.532642193415419,117259166701,7383,311394409057,19607,complete,complete,complete,2,19256615,500120720000,1,500120720000,25971,19581575,118.022821,1,301269992000,15385,619247664000,31624,complete,complete,complete,2,19945850,624971600000,0.87,543725292000,27260,20150948,132.681448,0.8895201460267452,362791056634,18004,669237658512,33211,complete,complete,complete,complete,https://api.imf.org/external/sdmx/3.0/data/dataflow/IMF.RES/WEO/9.0.0/
CHN,China,CHN,2003|2022|2026,26,1294517327,2637080116959,1.59,4192957385965,3239,1292270000,77.006115,1.532642193415419,2576267827028,1994,7057992472485,5462,complete,complete,complete,26,1449737297,26556574880000,1,26556574880000,18318,1411750000,118.022821,1,18337776646000,12989,32493554151000,23017,complete,complete,complete,26,1412914088,36093925120000,0.87,31401714854400,22225,1401922654,132.681448,0.8895201460267452,18547911867009,13230,39401698094853,28105,complete,complete,complete,complete,https://api.imf.org/external/sdmx/3.0/data/dataflow/IMF.RES/WEO/9.0.0/
COL,Colombia,COL,2003|2022|2026,2,40937429,175425146199,1.59,278925982456,6813,40661511,77.006115,1.532642193415419,144178046654,3546,459757807274,11307,complete,complete,complete,2,51574932,827718320000,1,827718320000,16049,51683000,118.022821,1,345632493000,6688,1041594419000,20154,complete,complete,complete,2,53936226,1046729200000,0.87,910654404000,16884,53399171,132.681448,0.8895201460267452,479922775921,8987,1119834724474,20971,complete,complete,complete,complete,https://api.imf.org/external/sdmx/3.0/data/dataflow/IMF.RES/WEO/9.0.0/
RTK,Comoros,COM,2003|2022|2026,1,569798,763157895,1.59,1213421053,2130,570130,77.006115,1.532642193415419,837884759,1470,2000559388,3509,complete,complete,complete,1,913269,2821280000,1,2821280000,3089,850694,118.022821,1,1223762000,1439,3037321000,3570,complete,complete,complete,1,899010,3216400000,0.87,2798268000,3113,929650,132.681448,0.8895201460267452,1613347595,1735,3491799769,3756,complete,complete,complete,complete,https://api.imf.org/external/sdmx/3.0/data/dataflow/IMF.RES/WEO/9.0.0/
COD,Congo,COD,2003|2022|2026,3,55343867,17094736842,1.59,27180631579,491,52602208,77.006115,1.532642193415419,13826815843,263,42337974631,805,complete,complete,complete,3,96149852,112097920000,1,112097920000,1166,96800700,118.022821,1,70422346000,727,162802036000,1682,complete,complete,complete,3,116452162,176668800000,0.87,153701856000,1320,110020021,132.681448,0.8895201460267452,109772357974,998,209871374717,1908,complete,complete,complete,complete,https://api.imf.org/external/sdmx/3.0/data/dataflow/IMF.RES/WEO/9.0.0/
COS,Costa Rica,CRI,2003|2022|2026,1,4138784,25149707602,1.59,39988035087,9662,4086405,77.006115,1.532642193415419,26478813933,6480,65912968032,16130,complete,complete,complete,1,5195682,112757920000,1,112757920000,21702,5229297,118.022821,1,70992631000,13576,139317847000,26642,complete,complete,complete,1,5174789,148749920000,0.87,129412430400,25008,5415538,132.681448,0.8895201460267452,97785884538,18057,164541004664,30383,complete,complete,complete,complete,https://api.imf.org/external/sdmx/3.0/data/dataflow/IMF.RES/WEO/9.0.0/
CRS,Croatia,HRV,2003|2022|2026,1,4306686,42554970760,1.59,67662403508,15711,4303000,77.006115,1.532642193415419,54010914757,12552,111542910961,25922,complete,complete,complete,1,4052597,127628160000,1,127628160000,31493,3856000,118.022821,1,71256845000,18479,164564463000,42678,complete,complete,complete,1,3822345,174475840000,0.87,151793980800,39712,3881901,132.681448,0.8895201460267452,103694659984,26712,187703302472,48353,complete,complete,complete,complete,https://api.imf.org/external/sdmx/3.0/data/dataflow/IMF.RES/WEO/9.0.0/
CUB,Cuba,CUB,2003|2022|2026,1,11209383,32130000000,1.59,51086700000,4557,,77.006115,1.532642193415419,,,,,missing; missing CUB,missing; missing CUB,missing; missing CUB,1,11302134,139016249504,1,139016249504,12300,,118.022821,1,,,,,missing; missing CUB,missing; missing CUB,missing; missing CUB,1,10892659,85331845201,0.87,74238705325,6815,,132.681448,0.8895201460267452,,,,,missing; missing CUB,missing; missing CUB,missing; missing CUB,"2003: pop=missing, nominal=missing, ppp=missing | 2022: pop=missing, nominal=missing, ppp=missing | 2026: pop=missing, nominal=missing, ppp=missing",https://api.imf.org/external/sdmx/3.0/data/dataflow/IMF.RES/WEO/9.0.0/
CZE,Czechia,CZE,2003|2022|2026,1,10248912,127736257310,1.59,203100649123,19817,10192649,77.006115,1.532642193415419,153985926757,15108,334772942251,32845,complete,complete,complete,1,10740409,448758640000,1,448758640000,41782,10827529,118.022821,1,301831228000,27876,578619130000,53440,complete,complete,complete,1,10527781,569643360000,0.87,495589723200,47074,10870587,132.681448,0.8895201460267452,384803765291,35399,614500847748,56529,complete,complete,complete,complete,https://api.imf.org/external/sdmx/3.0/data/dataflow/IMF.RES/WEO/9.0.0/
DEN,Denmark,DNK,2003|2022|2026,2,5494804,119951461988,1.59,190722824561,34710,5383507,77.006115,1.532642193415419,334762823747,62183,314370936601,58395,complete,complete,complete,2,5947882,357289680000,1,357289680000,60070,5873420,118.022821,1,400114646000,68123,440774919000,75046,complete,complete,complete,2,6135676,469701760000,0.87,408640531200,66601,6037152,132.681448,0.8895201460267452,448115433735,74226,481528533241,79761,complete,complete,complete,complete,https://api.imf.org/external/sdmx/3.0/data/dataflow/IMF.RES/WEO/9.0.0/
DJI,Djibouti,DJI,2003|2022|2026,1,813519,1108187135,1.59,1762017545,2166,759639,77.006115,1.532642193415419,1351079269,1779,2903871109,3823,complete,complete,complete,1,1020434,5961120000,1,5961120000,5842,1016098,118.022821,1,3562815000,3506,7527889000,7409,complete,complete,complete,1,1199460,8748960000,0.87,7611595200,6346,1068802,132.681448,0.8895201460267452,4202894627,3932,9664748466,9043,complete,complete,complete,complete,https://api.imf.org/external/sdmx/3.0/data/dataflow/IMF.RES/WEO/9.0.0/
DOM,Dominican Republic,DOM,2003|2022|2026,1,8980620,38814619883,1.59,61715245614,6872,8745084,77.006115,1.532642193415419,32979017688,3771,100722168938,11518,complete,complete,complete,1,11088230,224392960000,1,224392960000,20237,10621938,118.022821,1,113813190000,10715,276521849000,26033,complete,complete,complete,1,11609500,295752160000,0.87,257304379200,22163,10974694,132.681448,0.8895201460267452,121105970767,11035,314127144899,28623,complete,complete,complete,complete,https://api.imf.org/external/sdmx/3.0/data/dataflow/IMF.RES/WEO/9.0.0/
ECU,Ecuador,ECU,2003|2022|2026,1,13372306,49099415205,1.59,78068070176,5838,13131753,77.006115,1.532642193415419,47458584309,3614,128681086091,9799,complete,complete,complete,1,18181827,200662000000,1,200662000000,11036,17715301,118.022821,1,116133122000,6556,270845724000,15289,complete,complete,complete,1,18444507,264107360000,0.87,229773403200,12458,18243816,132.681448,0.8895201460267452,122926637044,6738,287565818046,15762,complete,complete,complete,complete,https://api.imf.org/external/sdmx/3.0/data/dataflow/IMF.RES/WEO/9.0.0/
EGY,Egypt,EGY,2003|2022|2026,3,77853547,282095321637,1.59,448531561403,5761,68000000,77.006115,1.532642193415419,130525173439,1919,739332745149,10873,complete,complete,complete,3,106749118,1374891760000,1,1374891760000,12880,103600000,118.022821,1,475231026000,4587,1974699003000,19061,complete,complete,complete,3,120101175,2095726160000,0.87,1823281759200,15181,110058000,132.681448,0.8895201460267452,382178146438,3473,2283120933631,20745,complete,complete,complete,complete,https://api.imf.org/external/sdmx/3.0/data/dataflow/IMF.RES/WEO/9.0.0/
ELS,El Salvador,SLV,2003|2022|2026,1,5998599,18721052632,1.59,29766473685,4962,5998600,77.006115,1.532642193415419,20298147684,3384,49063233098,8179,complete,complete,complete,1,6560298,60996320000,1,60996320000,9298,6280300,118.022821,1,31870110000,5075,74572957000,11874,complete,complete,complete,1,6391254,77688160000,0.87,67588699200,10575,6429798,132.681448,0.8895201460267452,35436502546,5511,84863507818,13198,complete,complete,complete,complete,https://api.imf.org/external/sdmx/3.0/data/dataflow/IMF.RES/WEO/9.0.0/
EQG,Equatorial Guinea,GNQ,2003|2022|2026,1,847862,7930409357,1.59,12609350878,14872,694611,77.006115,1.532642193415419,5720698870,8236,20784220558,29922,complete,complete,complete,1,1511571,25099360000,1,25099360000,16605,1498287,118.022821,1,13717046000,9155,32711075000,21832,complete,complete,complete,1,1984468,29042640000,0.87,25267096800,12732,1683298,132.681448,0.8895201460267452,12205577369,7251,28540842748,16955,complete,complete,complete,complete,https://api.imf.org/external/sdmx/3.0/data/dataflow/IMF.RES/WEO/9.0.0/
ERI,Eritrea,ERI,2003|2022|2026,1,2493903,1987134503,1.59,3159543860,1267,2601000,77.006115,1.532642193415419,1032211528,397,5207620841,2002,complete,complete,complete,1,3681556,6771600000,1,6771600000,1839,,118.022821,1,,,,,missing; missing ERI,missing; missing ERI,missing; missing ERI,1,3682669,5636400000,0.87,4903668000,1332,,132.681448,0.8895201460267452,,,,,missing; missing ERI,missing; missing ERI,missing; missing ERI,"2022: pop=missing, nominal=missing, ppp=missing | 2026: pop=missing, nominal=missing, ppp=missing",https://api.imf.org/external/sdmx/3.0/data/dataflow/IMF.RES/WEO/9.0.0/
EST,Estonia,EST,2003|2022|2026,1,1370850,13732163743,1.59,21834140351,15927,1370720,77.006115,1.532642193415419,15164084473,11063,35989911669,26256,complete,complete,complete,1,1320755,52410160000,1,52410160000,39682,1348840,118.022821,1,38256718000,28363,63448661000,47039,complete,complete,complete,1,1331062,60046800000,0.87,52240716000,39247,1368959,132.681448,0.8895201460267452,45929780320,33551,62898425849,45946,complete,complete,complete,complete,https://api.imf.org/external/sdmx/3.0/data/dataflow/IMF.RES/WEO/9.0.0/
ESW,Eswatini,SWZ,2003|2022|2026,1,1066700,2870760234,1.59,4564508772,4279,985193,77.006115,1.532642193415419,3269813955,3319,7333902867,7444,complete,complete,complete,1,1188663,10546800000,1,10546800000,8873,1125728,118.022821,1,4746597000,4216,12961595000,11514,complete,complete,complete,1,1269859,14363360000,0.87,12496123200,9841,1175595,132.681448,0.8895201460267452,5152278590,4383,14895738915,12671,complete,complete,complete,complete,https://api.imf.org/external/sdmx/3.0/data/dataflow/IMF.RES/WEO/9.0.0/
ETH,Ethiopia,ETH,2003|2022|2026,3,73832663,24199415205,1.59,38477070176,521,64835096,77.006115,1.532642193415419,13186692505,203,63421745507,978,complete,complete,complete,3,121738154,303721440000,1,303721440000,2495,104082000,118.022821,1,118958133000,1143,360173800000,3460,complete,complete,complete,3,138902185,426279040000,0.87,370862764800,2670,112369600,132.681448,0.8895201460267452,108100342077,962,497150257581,4424,complete,complete,complete,complete,https://api.imf.org/external/sdmx/3.0/data/dataflow/IMF.RES/WEO/9.0.0/
FIN,Finland,FIN,2003|2022|2026,1,5212955,98966666667,1.59,157357000001,30186,5206295,77.006115,1.532642193415419,262955263262,50507,259374201863,49819,complete,complete,complete,1,5556939,282685040000,1,282685040000,50871,5548241,118.022821,1,280473575000,50552,342981219000,61818,complete,complete,complete,1,5621739,328377280000,0.87,285688233600,50818,5615676,132.681448,0.8895201460267452,300363261662,53487,343979919561,61254,complete,complete,complete,complete,https://api.imf.org/external/sdmx/3.0/data/dataflow/IMF.RES/WEO/9.0.0/
EUA,France,FRA+MCO+AND,2003|2022|2026,8,63253713,1122812280702,1.59,1785271526316,28224,61824030,77.006115,1.532642193415419,2815462041789,45540,2947229801821,47671,partial; missing MCO+AND,partial; missing MCO,partial; missing MCO,8,68676947,3249098520000,1,3249098520000,47310,68141795,118.022821,1,2800362614000,41096,4031907619000,59169,partial; missing MCO,partial; missing MCO,partial; missing MCO,8,69636800,3989597040000,0.87,3470949424800,49844,69136248,132.681448,0.8895201460267452,3203137726362,46331,4217369144806,61001,partial; missing MCO,partial; missing MCO,partial; missing MCO,"2003: pop=partial, nominal=partial, ppp=partial | 2022: pop=partial, nominal=partial, ppp=partial | 2026: pop=partial, nominal=partial, ppp=partial",https://api.imf.org/external/sdmx/3.0/data/dataflow/IMF.RES/WEO/9.0.0/
LWG,Gabon,GAB,2003|2022|2026,1,1382350,9822807018,1.59,15618263159,11298,1298006,77.006115,1.532642193415419,9977919090,7687,25770164630,19854,complete,complete,complete,1,2347945,33945120000,1,33945120000,14457,2161219,118.022821,1,20484564000,9478,48589106000,22482,complete,complete,complete,1,2647400,50551600000,0.87,43979892000,16612,2355747,132.681448,0.8895201460267452,20782113574,8822,54162423589,22992,complete,complete,complete,complete,https://api.imf.org/external/sdmx/3.0/data/dataflow/IMF.RES/WEO/9.0.0/
GAM,Gambia,GMB,2003|2022|2026,1,1577611,1533918129,1.59,2438929825,1546,1577611,77.006115,1.532642193415419,1291816593,819,4020319717,2548,complete,complete,complete,1,2581165,5976960000,1,5976960000,2316,2651908,118.022821,1,2135306000,805,8085584000,3049,complete,complete,complete,1,2884080,9103600000,0.87,7920132000,2746,2929760,132.681448,0.8895201460267452,2483833789,848,10072040172,3438,complete,complete,complete,complete,https://api.imf.org/external/sdmx/3.0/data/dataflow/IMF.RES/WEO/9.0.0/
GEO,Georgia,GEO,2003|2022|2026,1,4085483,10794736842,1.59,17163631579,4201,3965800,77.006115,1.532642193415419,6288046226,1586,28291243024,7134,complete,complete,complete,1,3965244,60839680000,1,60839680000,15343,3688600,118.022821,1,24984875000,6774,83375407000,22604,complete,complete,complete,1,3804642,99953040000,0.87,86959144800,22856,3690673,132.681448,0.8895201460267452,37996640263,10295,111588522389,30235,complete,complete,complete,complete,https://api.imf.org/external/sdmx/3.0/data/dataflow/IMF.RES/WEO/9.0.0/
DEU,Germany,DEU,2003|2022|2026,3,82111616,1629042105263,1.59,2590176947368,31545,81548750,77.006115,1.532642193415419,3883839213844,47626,4271802941754,52383,complete,complete,complete,3,83868087,4637567440000,1,4637567440000,55296,82529000,118.022821,1,4204326662000,50944,5720183794000,69311,complete,complete,complete,3,83644258,5415292080000,0.87,4711304109600,56325,83501017,132.681448,0.8895201460267452,4850427028412,58088,5700419017986,68268,complete,complete,complete,complete,https://api.imf.org/external/sdmx/3.0/data/dataflow/IMF.RES/WEO/9.0.0/
GHA,Ghana,GHA,2003|2022|2026,1,21296705,29340350877,1.59,46651157894,2191,21296705,77.006115,1.532642193415419,28798455632,1352,76896662105,3611,complete,complete,complete,1,32603382,190674880000,1,190674880000,5848,33149152,118.022821,1,73918996000,2230,238935417000,7208,complete,complete,complete,1,35697557,259703840000,0.87,225942340800,6329,35697557,132.681448,0.8895201460267452,105224414034,2948,289474576171,8109,complete,complete,complete,complete,https://api.imf.org/external/sdmx/3.0/data/dataflow/IMF.RES/WEO/9.0.0/
GRE,Greece,GRC+CYP,2003|2022|2026,1,11918061,162307602339,1.59,258069087719,21654,11629490,77.006115,1.532642193415419,324051851092,27865,445741035757,38329,complete,complete,complete,1,11140449,371795600000,1,371795600000,33373,11391391,118.022821,1,249404541000,21894,453257509000,39789,complete,complete,complete,1,11279450,411479200000,0.87,357986904000,31738,11351538,132.681448,0.8895201460267452,313756292386,27640,494588983057,43570,complete,complete,complete,complete,https://api.imf.org/external/sdmx/3.0/data/dataflow/IMF.RES/WEO/9.0.0/
GTM,Guatemala,GTM,2003|2022|2026,1,12525842,43738011696,1.59,69543438597,5552,12525842,77.006115,1.532642193415419,35391810314,2826,114629106718,9151,complete,complete,complete,1,18688544,163216240000,1,163216240000,8733,17847877,118.022821,1,95642190000,5359,232235535000,13012,complete,complete,complete,1,18967978,248893040000,0.87,216536944800,11416,18925345,132.681448,0.8895201460267452,114647017326,6058,269708341748,14251,complete,complete,complete,complete,https://api.imf.org/external/sdmx/3.0/data/dataflow/IMF.RES/WEO/9.0.0/
GIN,Guinea,GIN,2003|2022|2026,1,8870781,7964912281,1.59,12664210527,1428,9204581,77.006115,1.532642193415419,7293908569,792,20873923040,2268,complete,complete,complete,1,13982341,39120400000,1,39120400000,2798,14674444,118.022821,1,19589491000,1335,57087507000,3890,complete,complete,complete,1,15441993,66045760000,0.87,57459811200,3721,16197841,132.681448,0.8895201460267452,26623434039,1644,74592019440,4605,complete,complete,complete,complete,https://api.imf.org/external/sdmx/3.0/data/dataflow/IMF.RES/WEO/9.0.0/
GNB,Guinea-Bissau,GNB,2003|2022|2026,1,1318806,1056725146,1.59,1680192982,1274,1272149,77.006115,1.532642193415419,848280671,667,2769803233,2177,complete,complete,complete,1,2078481,4645520000,1,4645520000,2235,1896385,118.022821,1,1721201000,908,5249668000,2768,complete,complete,complete,1,2297808,5825600000,0.87,5068272000,2206,2060486,132.681448,0.8895201460267452,2654918757,1288,6405260226,3109,complete,complete,complete,complete,https://api.imf.org/external/sdmx/3.0/data/dataflow/IMF.RES/WEO/9.0.0/
GUS,Gulf States,QAT+BHR,2003|2022|2026,1,1555958,44619883041,1.59,70945614035,45596,1424755,77.006115,1.532642193415419,54042648114,37931,116939727284,82077,complete,complete,complete,1,4789451,341775280000,1,341775280000,71360,4456934,118.022821,1,282167506000,63310,420613285000,94373,complete,complete,complete,1,4849132,431595120000,0.87,375487754400,77434,4842832,132.681448,0.8895201460267452,236847992730,48907,421880663071,87114,complete,complete,complete,complete,https://api.imf.org/external/sdmx/3.0/data/dataflow/IMF.RES/WEO/9.0.0/
GUY,Guyana,GUY,2003|2022|2026,1,763101,2716959064,1.59,4319964912,5661,742537,77.006115,1.532642193415419,2440088983,3286,7120445659,9589,complete,complete,complete,1,795197,26652560000,1,26652560000,33517,896094,118.022821,1,14718387000,16425,32622784000,36406,complete,complete,complete,1,840890,66258720000,0.87,57645086400,68552,1023923,132.681448,0.8895201460267452,30208662778,29503,86960243789,84928,complete,complete,complete,complete,https://api.imf.org/external/sdmx/3.0/data/dataflow/IMF.RES/WEO/9.0.0/
HTI,Haiti,HTI,2003|2022|2026,1,8759912,12150292398,1.59,19318964913,2205,9001471,77.006115,1.532642193415419,7457525787,828,31843279245,3538,complete,complete,complete,1,11723285,33858880000,1,33858880000,2888,12065436,118.022821,1,19826179000,1643,37673011000,3122,complete,complete,complete,1,12037506,33614240000,0.87,29244388800,2429,12725259,132.681448,0.8895201460267452,34851248103,2739,33876743202,2662,complete,complete,complete,complete,https://api.imf.org/external/sdmx/3.0/data/dataflow/IMF.RES/WEO/9.0.0/
HON,Honduras,HND,2003|2022|2026,1,7119213,13928654971,1.59,22146561404,3111,7119213,77.006115,1.532642193415419,12611753971,1772,36505038840,5128,complete,complete,complete,1,10270478,61061440000,1,61061440000,5945,10463872,118.022821,1,31424774000,3003,71200502000,6804,complete,complete,complete,1,11184760,75665920000,0.87,65829350400,5886,11184760,132.681448,0.8895201460267452,36919831650,3301,81806485927,7314,complete,complete,complete,complete,https://api.imf.org/external/sdmx/3.0/data/dataflow/IMF.RES/WEO/9.0.0/
HUN,Hungary,HUN,2003|2022|2026,1,10108963,101251461988,1.59,160989824561,15925,10142000,77.006115,1.532642193415419,130566527191,12874,265337680452,26162,complete,complete,complete,1,9597877,350484640000,1,350484640000,36517,9610000,118.022821,1,177784186000,18500,421345142000,43844,complete,complete,complete,1,9585818,408688720000,0.87,355559186400,37092,9536314,132.681448,0.8895201460267452,241168387631,25289,428976134890,44983,complete,complete,complete,complete,https://api.imf.org/external/sdmx/3.0/data/dataflow/IMF.RES/WEO/9.0.0/
ISL,Iceland,ISL,2003|2022|2026,1,289605,5618713450,1.59,8933754386,30848,288471,77.006115,1.532642193415419,17724519587,61443,15332710365,53152,complete,complete,complete,1,345984,24197000000,1,24197000000,69937,364917,118.022821,1,29176226000,79953,27371478000,75007,complete,complete,complete,1,402329,27951440000,0.87,24317752800,60442,398012,132.681448,0.8895201460267452,38961408476,97890,29289784909,73590,complete,complete,complete,complete,https://api.imf.org/external/sdmx/3.0/data/dataflow/IMF.RES/WEO/9.0.0/
IND,India,IND,2003|2022|2026,17,1116803006,1453485380117,1.59,2311041754386,2069,1116803006,77.006115,1.532642193415419,931387663287,834,3749603622473,3357,complete,complete,complete,17,1410728025,10335828800000,1,10335828800000,7327,1425423213,118.022821,1,3249938889000,2280,12779116802000,8965,complete,complete,complete,17,1476625577,15588478400000,0.87,13561976208000,9184,1476625577,132.681448,0.8895201460267452,3694347469529,2502,16813994582741,11387,complete,complete,complete,complete,https://api.imf.org/external/sdmx/3.0/data/dataflow/IMF.RES/WEO/9.0.0/
IDN,Indonesia,IDN,2003|2022|2026,8,226111391,597801754386,1.59,950504789474,4204,215215661,77.006115,1.532642193415419,391353697947,1818,1566728992620,7280,complete,complete,complete,8,279963464,3515656320000,1,3515656320000,12558,275719910,118.022821,1,1319101163000,4784,3982439847000,14444,complete,complete,complete,8,287707943,4413870560000,0.87,3840067387200,13347,287198380,132.681448,0.8895201460267452,1369746819390,4769,4847123940341,16877,complete,complete,complete,complete,https://api.imf.org/external/sdmx/3.0/data/dataflow/IMF.RES/WEO/9.0.0/
IRN,Iran,IRN,2003|2022|2026,5,68769339,391273684211,1.59,622125157895,9047,67315000,77.006115,1.532642193415419,296321090719,4402,1058624808851,15726,complete,complete,complete,5,86332889,1384650960000,1,1384650960000,16039,84700000,118.022821,1,403253725000,4761,1570508528000,18542,complete,complete,complete,5,93168497,1653424960000,0.87,1438479715200,15440,87933927,132.681448,0.8895201460267452,267116276485,3038,1586208764506,18039,complete,complete,complete,complete,https://api.imf.org/external/sdmx/3.0/data/dataflow/IMF.RES/WEO/9.0.0/
IRQ,Iraq,IRQ,2003|2022|2026,2,26802659,58739766082,1.59,93396228070,3485,25959531,77.006115,1.532642193415419,24216338256,933,153945797586,5930,complete,complete,complete,2,42475419,451374880000,1,451374880000,10627,42248900,118.022821,1,288059403000,6818,635880058000,15051,complete,complete,complete,2,48007437,607993760000,0.87,528954571200,11018,46639900,132.681448,0.8895201460267452,235530518215,5050,596429550376,12788,complete,complete,complete,complete,https://api.imf.org/external/sdmx/3.0/data/dataflow/IMF.RES/WEO/9.0.0/
IRL,Ireland,IRL,2003|2022|2026,1,3992935,96785380117,1.59,153888754386,38540,4021300,77.006115,1.532642193415419,252318430640,62745,253371706802,63007,complete,complete,complete,1,5031376,557509040000,1,557509040000,110806,5240390,118.022821,1,548772762000,104720,683356198000,130402,complete,complete,complete,1,5356950,648324160000,0.87,564042019200,105292,5559634,132.681448,0.8895201460267452,693275166755,124698,786957440457,141548,complete,complete,complete,complete,https://api.imf.org/external/sdmx/3.0/data/dataflow/IMF.RES/WEO/9.0.0/
ISR,Israel,ISR,2003|2022|2026,1,6502820,88264912281,1.59,140341210527,21582,6687025,77.006115,1.532642193415419,201202028679,30088,230113671469,34412,complete,complete,complete,1,8964143,420648800000,1,420648800000,46926,9551150,118.022821,1,525159078000,54984,493701635000,51690,complete,complete,complete,1,9647689,501586800000,0.87,436380516000,45232,10312444,132.681448,0.8895201460267452,640319618304,62092,542083257636,52566,complete,complete,complete,complete,https://api.imf.org/external/sdmx/3.0/data/dataflow/IMF.RES/WEO/9.0.0/
ITA,Italy,ITA+MLT+SMR,2003|2022|2026,3,58147925,1140115204678,1.59,1812783175438,31175,57583674,77.006115,1.532642193415419,2436013548230,42304,3003747683936,52163,partial; missing SMR,complete,complete,3,60710045,2646313080000,1,2646313080000,43589,59584332,118.022821,1,2126510344000,35689,3386252699000,56831,complete,complete,complete,3,59475177,3273838480000,0.87,2848239477600,47890,59486632,132.681448,0.8895201460267452,2465120571549,41440,3488847251959,58649,complete,complete,complete,"2003: pop=partial, nominal=complete, ppp=complete",https://api.imf.org/external/sdmx/3.0/data/dataflow/IMF.RES/WEO/9.0.0/
IVO,Ivory Coast,CIV,2003|2022|2026,1,19125542,31276608187,1.59,49729807017,2600,17692890,77.006115,1.532642193415419,32500592699,1837,81970382128,4633,complete,complete,complete,1,27960211,158451920000,1,158451920000,5667,30229490,118.022821,1,71075173000,2351,204204971000,6755,complete,complete,complete,1,33494346,234812160000,0.87,204286579200,6099,33838101,132.681448,0.8895201460267452,99728814470,2947,261025859246,7714,complete,complete,complete,complete,https://api.imf.org/external/sdmx/3.0/data/dataflow/IMF.RES/WEO/9.0.0/
JAM,Jamaica,JAM,2003|2022|2026,1,2656623,11785964912,1.59,18739684210,7054,2629413,77.006115,1.532642193415419,14828251916,5639,31827971215,12105,complete,complete,complete,1,2988631,28492640000,1,28492640000,9534,2743443,118.022821,1,18709585000,6820,33745715000,12300,complete,complete,complete,1,2833404,30514880000,0.87,26547945600,9370,2755961,132.681448,0.8895201460267452,20483999793,7433,34069233583,12362,complete,complete,complete,complete,https://api.imf.org/external/sdmx/3.0/data/dataflow/IMF.RES/WEO/9.0.0/
JPN,Japan,JPN,2003|2022|2026,5,128582015,2115683625731,1.59,3363936964912,26162,127634417,77.006115,1.532642193415419,7009408214595,54918,5609120852140,43947,complete,complete,complete,5,126337001,5376866000000,1,5376866000000,42560,125062667,118.022821,1,4447976207000,35566,6308048083000,50439,complete,complete,complete,5,123301089,5947243280000,0.87,5174101653600,41963,122656354,132.681448,0.8895201460267452,3895433593702,31759,6459840020926,52666,complete,complete,complete,complete,https://api.imf.org/external/sdmx/3.0/data/dataflow/IMF.RES/WEO/9.0.0/
JOR,Jordan,JOR,2003|2022|2026,1,5741828,22336257310,1.59,35514649123,6185,5396117,77.006115,1.532642193415419,17903219536,3318,63032803833,11681,complete,complete,complete,1,10305281,107518400000,1,107518400000,10433,11256264,118.022821,1,53592531000,4761,122479166000,10881,complete,complete,complete,1,11589533,115875760000,0.87,100811911200,8699,11589533,132.681448,0.8895201460267452,57737904076,4982,136670767596,11793,complete,complete,complete,complete,https://api.imf.org/external/sdmx/3.0/data/dataflow/IMF.RES/WEO/9.0.0/
KAZ,Kazakhstan,KAZ,2003|2022|2026,2,15747380,93819883041,1.59,149173614035,9473,14909018,77.006115,1.532642193415419,47257015805,3170,245885301438,16492,complete,complete,complete,2,19270456,519525600000,1,519525600000,26960,19634983,118.022821,1,225496328000,11484,719029402000,36620,complete,complete,complete,2,21083626,795956480000,0.87,692482137600,32845,20594360,132.681448,0.8895201460267452,320632668277,15569,883891051726,42919,complete,complete,complete,complete,https://api.imf.org/external/sdmx/3.0/data/dataflow/IMF.RES/WEO/9.0.0/
KEN,Kenya,KEN,2003|2022|2026,2,33652223,48605263158,1.59,77282368421,2297,32000000,77.006115,1.532642193415419,32785038829,1025,127385099178,3981,complete,complete,complete,2,56602375,271630480000,1,271630480000,4799,50639872,118.022821,1,114732641000,2266,319128480000,6302,complete,complete,complete,2,58636411,353731840000,0.87,307746700800,5248,54269110,132.681448,0.8895201460267452,130995086457,2414,387142577942,7134,complete,complete,complete,complete,https://api.imf.org/external/sdmx/3.0/data/dataflow/IMF.RES/WEO/9.0.0/
KOS,Kosovo,KOS,2003|2022|2026,1,1826434,4871345029,1.59,7745438596,4241,1536968,77.006115,1.532642193415419,5195405682,3380,12767573105,8307,complete,complete,complete,1,1768942,22166320000,1,22166320000,12531,1762220,118.022821,1,9374974000,5320,26122700000,14824,complete,complete,complete,1,1666992,28295520000,0.87,24617102400,14767,1568839,132.681448,0.8895201460267452,12500621417,7968,30421268767,19391,complete,complete,complete,complete,https://api.imf.org/external/sdmx/3.0/data/dataflow/IMF.RES/WEO/9.0.0/
KUW,Kuwait,KWT,2003|2022|2026,1,2109881,57528070175,1.59,91469631578,43353,2325440,77.006115,1.532642193415419,73366275988,31549,150770316226,64835,complete,complete,complete,1,4395432,215760160000,1,215760160000,49087,4793568,118.022821,1,183538998000,38289,252595273000,52695,complete,complete,complete,1,5102773,229242640000,0.87,199441096800,39085,5214002,132.681448,0.8895201460267452,153815418030,29500,251852939812,48303,complete,complete,complete,complete,https://api.imf.org/external/sdmx/3.0/data/dataflow/IMF.RES/WEO/9.0.0/
KGZ,Kyrgyzstan,KGZ,2003|2022|2026,1,5159422,7704678363,1.59,12250438597,2374,5013289,77.006115,1.532642193415419,2941948072,587,20192353992,4028,complete,complete,complete,1,6759410,33256960000,1,33256960000,4920,6794895,118.022821,1,12269190000,1806,45872285000,6751,complete,complete,complete,1,7400465,55840400000,0.87,48581148000,6565,7371757,132.681448,0.8895201460267452,20998202924,2848,65731053831,8917,complete,complete,complete,complete,https://api.imf.org/external/sdmx/3.0/data/dataflow/IMF.RES/WEO/9.0.0/
LAO,Laos,LAO,2003|2022|2026,1,5697945,8066081871,1.59,12825070175,2251,5689065,77.006115,1.532642193415419,3464284792,609,21139551389,3716,complete,complete,complete,1,7512780,60458640000,1,60458640000,8047,7476970,118.022821,1,15121296000,2022,65299125000,8733,complete,complete,complete,1,7974018,69387120000,0.87,60366794400,7570,7888824,132.681448,0.8895201460267452,16864501401,2138,76934596540,9752,complete,complete,complete,complete,https://api.imf.org/external/sdmx/3.0/data/dataflow/IMF.RES/WEO/9.0.0/
LVA,Latvia,LVA,2003|2022|2026,1,2288984,17097076023,1.59,27184350877,11876,2299390,77.006115,1.532642193415419,17240711958,7498,42296138097,18395,complete,complete,complete,1,1843485,62068160000,1,62068160000,33669,1875757,118.022821,1,38033095000,20276,73237462000,39044,complete,complete,complete,1,1835935,73260880000,0.87,63736965600,34716,1856844,132.681448,0.8895201460267452,47755031183,25718,75714280753,40776,complete,complete,complete,complete,https://api.imf.org/external/sdmx/3.0/data/dataflow/IMF.RES/WEO/9.0.0/
LEB,Lebanon,LBN,2003|2022|2026,1,4525508,32277192982,1.59,51320736841,11340,4504808,77.006115,1.532642193415419,29864929376,6630,84384049892,18732,complete,complete,complete,1,6654038,72286720000,1,72286720000,10864,5489740,118.022821,1,25674277000,4677,67230419000,12247,complete,complete,complete,1,5897467,55587840000,0.87,48361420800,8200,,132.681448,0.8895201460267452,,,,,missing; missing LBN,missing; missing LBN,missing; missing LBN,"2026: pop=missing, nominal=missing, ppp=missing",https://api.imf.org/external/sdmx/3.0/data/dataflow/IMF.RES/WEO/9.0.0/
LES,Lesotho,LSO,2003|2022|2026,1,1985059,1772514620,1.59,2818298246,1420,1985059,77.006115,1.532642193415419,1925197838,970,4659649147,2347,complete,complete,complete,1,2180787,5639040000,1,5639040000,2586,2286110,118.022821,1,2274702000,995,6377873000,2790,complete,complete,complete,1,2389336,6520800000,0.87,5673096000,2374,2394400,132.681448,0.8895201460267452,2644002566,1104,7029743397,2936,complete,complete,complete,complete,https://api.imf.org/external/sdmx/3.0/data/dataflow/IMF.RES/WEO/9.0.0/
CAB,Lesser Antilles States,TTO+BRB+LCA,2003|2022|2026,1,2182077,19515136183,1.59,31029066531,14220,1718798,77.006115,1.532642193415419,24716139006,14380,42253789660,24583,complete,complete,complete,1,2332559,51929680000,1,51929680000,22263,1882246,118.022821,1,37561414000,19956,55641560000,29561,complete,complete,complete,1,2400215,96646000000,0.87,84082020000,35031,1916544,132.681448,0.8895201460267452,33876244181,17676,59376916107,30981,complete,complete,complete,complete,https://api.imf.org/external/sdmx/3.0/data/dataflow/IMF.RES/WEO/9.0.0/
LBR,Liberia,LBR,2003|2022|2026,1,3119532,1723391813,1.59,2740192983,878,3077000,77.006115,1.532642193415419,1093534074,355,4517329525,1468,complete,complete,complete,1,5344396,7722880000,1,7722880000,1445,5373294,118.022821,1,3974439000,740,9075526000,1689,complete,complete,complete,1,5853949,10046960000,0.87,8740855200,1493,5853949,132.681448,0.8895201460267452,5018304403,857,10910732247,1864,complete,complete,complete,complete,https://api.imf.org/external/sdmx/3.0/data/dataflow/IMF.RES/WEO/9.0.0/
LBY,Libya,LBY,2003|2022|2026,2,5619398,57739766082,1.59,91806228070,16337,5619398,77.006115,1.532642193415419,41421016263,7371,151326010904,26929,complete,complete,complete,2,7066241,109406880000,1,109406880000,15483,7223805,118.022821,1,43281385000,5991,88281278000,12221,complete,complete,complete,2,7539851,109108560000,0.87,94924447200,12590,7534091,132.681448,0.8895201460267452,46657911268,6193,125653613159,16678,complete,complete,complete,complete,https://api.imf.org/external/sdmx/3.0/data/dataflow/IMF.RES/WEO/9.0.0/
LTU,Lithuania,LTU,2003|2022|2026,1,3415278,27378362573,1.59,43531596491,12746,3415210,77.006115,1.532642193415419,28815092463,8437,70843899445,20744,complete,complete,complete,1,2653472,114099040000,1,114099040000,43000,2831639,118.022821,1,70687329000,24963,143189348000,50568,complete,complete,complete,1,2797338,145588960000,0.87,126662395200,45280,2898023,132.681448,0.8895201460267452,94206719658,32507,157381774709,54307,complete,complete,complete,complete,https://api.imf.org/external/sdmx/3.0/data/dataflow/IMF.RES/WEO/9.0.0/
MDG,Madagascar,MDG,2003|2022|2026,1,18071854,11947953216,1.59,18997245613,1051,16464053,77.006115,1.532642193415419,9766760845,593,31314117669,1902,complete,complete,complete,1,29415172,45338480000,1,45338480000,1541,28961348,118.022821,1,15342179000,530,52242496000,1804,complete,complete,complete,1,33522052,56532960000,0.87,49183675200,1467,32318652,132.681448,0.8895201460267452,18844661308,583,60541390488,1873,complete,complete,complete,complete,https://api.imf.org/external/sdmx/3.0/data/dataflow/IMF.RES/WEO/9.0.0/
MAL,Malawi,MWI,2003|2022|2026,1,12181574,5536842105,1.59,8803578947,723,13098479,77.006115,1.532642193415419,6929240882,529,14511528341,1108,complete,complete,complete,1,20349127,31159920000,1,31159920000,1531,22092668,118.022821,1,12531019000,567,36571662000,1655,complete,complete,complete,1,22785535,37639360000,0.87,32746243200,1437,24749816,132.681448,0.8895201460267452,16146484297,652,39559859840,1598,complete,complete,complete,complete,https://api.imf.org/external/sdmx/3.0/data/dataflow/IMF.RES/WEO/9.0.0/
MYS,Malaysia,MYS,2003|2022|2026,2,24679602,192647953216,1.59,306310245613,12411,25320000,77.006115,1.532642193415419,183955379265,7265,504895249427,19941,complete,complete,complete,2,33308047,958759120000,1,958759120000,28785,32652000,118.022821,1,407830417000,12490,1194024055000,36568,complete,complete,complete,2,36385114,1300762320000,0.87,1131663218400,31102,34233667,132.681448,0.8895201460267452,459372964981,13419,1430796923781,41795,complete,complete,complete,complete,https://api.imf.org/external/sdmx/3.0/data/dataflow/IMF.RES/WEO/9.0.0/
MLD,Maldives,MDV,2003|2022|2026,1,296491,2013450292,1.59,3201385964,10798,285066,77.006115,1.532642193415419,1612525037,5657,5291384334,18562,complete,complete,complete,1,539616,10018800000,1,10018800000,18567,390808,118.022821,1,6167753000,15782,11989904000,30680,complete,complete,complete,1,531517,13226400000,0.87,11506968000,21649,417712,132.681448,0.8895201460267452,7232041626,17313,14054633571,33647,complete,complete,complete,complete,https://api.imf.org/external/sdmx/3.0/data/dataflow/IMF.RES/WEO/9.0.0/
MLI,Mali,MLI,2003|2022|2026,2,12684955,10854385965,1.59,17258473684,1361,12684955,77.006115,1.532642193415419,8463342151,667,34198561006,2696,complete,complete,complete,2,21669157,55335000000,1,55335000000,2554,23072640,118.022821,1,22657187000,982,69709278000,3021,complete,complete,complete,2,25932275,64009440000,0.87,55688212800,2147,26019629,132.681448,0.8895201460267452,30107749386,1157,84822856748,3260,complete,complete,complete,complete,https://api.imf.org/external/sdmx/3.0/data/dataflow/IMF.RES/WEO/9.0.0/
MRT,Mauritania,MRT,2003|2022|2026,1,2802046,5608187135,1.59,8917017545,3182,2882003,77.006115,1.532642193415419,3143675970,1091,14698113734,5100,complete,complete,complete,1,4942138,26393840000,1,26393840000,5341,4334124,118.022821,1,9564441000,2207,31612661000,7294,complete,complete,complete,1,5461319,35252800000,0.87,30669936000,5616,4731740,132.681448,0.8895201460267452,12766776519,2698,39060408510,8255,complete,complete,complete,complete,https://api.imf.org/external/sdmx/3.0/data/dataflow/IMF.RES/WEO/9.0.0/
MRS,Mauritius,MUS,2003|2022|2026,1,1242099,7485380117,1.59,11901754386,9582,1213370,77.006115,1.532642193415419,9433714631,7775,19618509765,16169,complete,complete,complete,1,1275079,27913600000,1,27913600000,21892,1251135,118.022821,1,12907768000,10317,33522317000,26794,complete,complete,complete,1,1265059,36389760000,0.87,31659091200,25026,1239462,132.681448,0.8895201460267452,15227938219,12286,39374474057,31767,complete,complete,complete,complete,https://api.imf.org/external/sdmx/3.0/data/dataflow/IMF.RES/WEO/9.0.0/
PCS,Melanesian States,FJI+SLB+VUT,2003|2022|2026,1,1533186,4354385965,1.59,6923473684,4516,1486905,77.006115,1.532642193415419,5019771018,3376,11455898067,7705,complete,complete,complete,1,1962081,13195600000,1,13195600000,6725,1978146,118.022821,1,7574301000,3829,14741132000,7452,complete,complete,complete,1,2138133,16621440000,0.87,14460652800,6763,2088864,132.681448,0.8895201460267452,8524716319,4081,17490371333,8373,complete,complete,complete,complete,https://api.imf.org/external/sdmx/3.0/data/dataflow/IMF.RES/WEO/9.0.0/
MEX,Mexico,MEX,2003|2022|2026,4,102978515,859568421053,1.59,1366713789474,13272,103587899,77.006115,1.532642193415419,1173314436543,11327,2252772279073,21747,complete,complete,complete,4,131965947,2543802800000,1,2543802800000,19276,129960600,118.022821,1,1466934724000,11288,2982280669000,22948,complete,complete,complete,4,132997658,3024498400000,0.87,2631313608000,19785,134407258,132.681448,0.8895201460267452,1886543225285,14036,3185328638181,23699,complete,complete,complete,complete,https://api.imf.org/external/sdmx/3.0/data/dataflow/IMF.RES/WEO/9.0.0/
MCS,Micronesian States,FSM+KIR,2003|2022|2026,1,287817,436257310,1.59,693649123,2410,195366,77.006115,1.532642193415419,520390265,2664,599275359,3067,complete,complete,complete,1,331379,1118480000,1,1118480000,3375,218143,118.022821,1,686917000,3149,797873000,3658,complete,complete,complete,1,317419,1479280000,0.87,1286973600,4054,225877,132.681448,0.8895201460267452,820133127,3631,882983952,3909,complete,complete,complete,complete,https://api.imf.org/external/sdmx/3.0/data/dataflow/IMF.RES/WEO/9.0.0/
MOL,Moldova,MDA,2003|2022|2026,1,4095419,7904093567,1.59,12567508772,3069,2911416,77.006115,1.532642193415419,3035480627,1043,20752646596,7128,complete,complete,complete,1,4009886,37385040000,1,37385040000,9323,2565030,118.022821,1,14523716000,5662,41597221000,16217,complete,complete,complete,1,2961254,40801200000,0.87,35497044000,11987,2340040,132.681448,0.8895201460267452,19470626420,8321,44064603344,18831,complete,complete,complete,complete,https://api.imf.org/external/sdmx/3.0/data/dataflow/IMF.RES/WEO/9.0.0/
MNG,Mongolia,MNG,2003|2022|2026,1,2521805,5813450292,1.59,9243385964,3665,2495091,77.006115,1.532642193415419,2445014895,980,15236347020,6107,complete,complete,complete,1,3393295,40850480000,1,40850480000,12039,3457548,118.022821,1,17146469000,4959,56311326000,16286,complete,complete,complete,1,3556798,64485520000,0.87,56102402400,15773,3622820,132.681448,0.8895201460267452,25307005600,6985,71515331147,19740,complete,complete,complete,complete,https://api.imf.org/external/sdmx/3.0/data/dataflow/IMF.RES/WEO/9.0.0/
MNE,Montenegro,MNE,2003|2022|2026,1,633559,3574853801,1.59,5684017544,8972,612267,77.006115,1.532642193415419,2572743763,4202,9366957335,15299,complete,complete,complete,1,627887,13618880000,1,13618880000,21690,623591,118.022821,1,6264647000,10046,17402590000,27907,complete,complete,complete,1,626233,18751920000,0.87,16314170400,26051,624465,132.681448,0.8895201460267452,9097046035,14568,20182149137,32319,complete,complete,complete,complete,https://api.imf.org/external/sdmx/3.0/data/dataflow/IMF.RES/WEO/9.0.0/
MAR,Morocco,MAR,2003|2022|2026,2,29571415,74854385965,1.59,119018473684,4025,29520000,77.006115,1.532642193415419,86355984122,2925,196179831488,6646,complete,complete,complete,2,38537085,291756960000,1,291756960000,7571,36670000,118.022821,1,131245310000,3579,352773543000,9620,complete,complete,complete,2,38762441,373886480000,0.87,325281237600,8392,38050000,132.681448,0.8895201460267452,172862965540,4543,417535157016,10973,complete,complete,complete,complete,https://api.imf.org/external/sdmx/3.0/data/dataflow/IMF.RES/WEO/9.0.0/
MOZ,Mozambique,MOZ,2003|2022|2026,2,19392475,6458479532,1.59,10268982456,530,19331097,77.006115,1.532642193415419,10090179001,522,16926155540,876,complete,complete,complete,2,33382972,41893280000,1,41893280000,1255,32969518,118.022821,1,18883528000,573,51654601000,1567,complete,complete,complete,2,36639851,54518640000,0.87,47431216800,1295,36825701,132.681448,0.8895201460267452,20703937207,562,55664684350,1512,complete,complete,complete,complete,https://api.imf.org/external/sdmx/3.0/data/dataflow/IMF.RES/WEO/9.0.0/
MMR,Myanmar,MMR,2003|2022|2026,2,46667192,32473099415,1.59,51632228070,1106,46906032,77.006115,1.532642193415419,13527199621,288,92908527607,1981,complete,complete,complete,2,55359846,226461840000,1,226461840000,4091,53756787,118.022821,1,67436510000,1254,258350551000,4806,complete,complete,complete,2,55184819,287666720000,0.87,250270046400,4535,55184819,132.681448,0.8895201460267452,74570037618,1351,260903256685,4728,complete,complete,complete,complete,https://api.imf.org/external/sdmx/3.0/data/dataflow/IMF.RES/WEO/9.0.0/
SWA,Namibia,NAM,2003|2022|2026,1,1917464,6658479532,1.59,10586982456,5521,1904984,77.006115,1.532642193415419,7622703234,4001,17449983521,9160,complete,complete,complete,1,2648453,23863840000,1,23863840000,9010,2851288,118.022821,1,12564346000,4407,30806693000,10804,complete,complete,complete,1,3153246,33200640000,0.87,28884556800,9160,3106704,132.681448,0.8895201460267452,15400796000,4957,35002895276,11267,complete,complete,complete,complete,https://api.imf.org/external/sdmx/3.0/data/dataflow/IMF.RES/WEO/9.0.0/
HYS,Nepal,NPL,2003|2022|2026,1,25688758,24984210526,1.59,39724894736,1546,25688758,77.006115,1.532642193415419,11062473414,431,65479118409,2549,complete,complete,complete,1,30407421,121616000000,1,121616000000,4000,29715436,118.022821,1,41182940000,1386,151613484000,5102,complete,complete,complete,1,29629410,158963200000,0.87,138297984000,4668,29622773,132.681448,0.8895201460267452,40778856469,1377,172622364573,5827,complete,complete,complete,complete,https://api.imf.org/external/sdmx/3.0/data/dataflow/IMF.RES/WEO/9.0.0/
NET,Netherlands,NLD,2003|2022|2026,2,16856460,352013450292,1.59,559701385964,33204,16192572,77.006115,1.532642193415419,892441882557,55114,922562859736,56974,complete,complete,complete,2,17566765,1057544400000,1,1057544400000,60201,17590672,118.022821,1,1047364114000,59541,1367085633000,77717,complete,complete,complete,2,18818741,1334663440000,0.87,1161157192800,61702,18140006,132.681448,0.8895201460267452,1289540849730,71088,1416299327857,78076,complete,complete,complete,complete,https://api.imf.org/external/sdmx/3.0/data/dataflow/IMF.RES/WEO/9.0.0/
NZL,New Zealand,NZL,2003|2022|2026,2,4022586,63326900585,1.59,100689771930,25031,4027700,77.006115,1.532642193415419,126302091291,31358,165998641396,41214,complete,complete,complete,2,4912945,228907360000,1,228907360000,46593,5090100,118.022821,1,245165136000,48165,266487685000,52354,complete,complete,complete,2,5291992,263061920000,0.87,228863870400,43247,5356024,132.681448,0.8895201460267452,247852747256,46276,277794063864,51866,complete,complete,complete,complete,https://api.imf.org/external/sdmx/3.0/data/dataflow/IMF.RES/WEO/9.0.0/
NIC,Nicaragua,NIC,2003|2022|2026,1,5210963,9916959064,1.59,15767964912,3026,5267714,77.006115,1.532642193415419,8156117892,1548,25990209135,4934,complete,complete,complete,1,6802629,41146160000,1,41146160000,6049,6664400,118.022821,1,15633798000,2346,52468471000,7873,complete,complete,complete,1,7097329,56152800000,0.87,48852936000,6883,6807511,132.681448,0.8895201460267452,21550063002,3166,61834654044,9083,complete,complete,complete,complete,https://api.imf.org/external/sdmx/3.0/data/dataflow/IMF.RES/WEO/9.0.0/
NER,Niger,NER,2003|2022|2026,1,12796984,5640350877,1.59,8968157894,701,12647984,77.006115,1.532642193415419,5183705492,410,14782128581,1169,complete,complete,complete,1,26388198,32932240000,1,32932240000,1248,26083660,118.022821,1,15457729000,593,46549557000,1785,complete,complete,complete,1,28814878,53710800000,0.87,46728396000,1622,30203733,132.681448,0.8895201460267452,22071531734,731,59970597864,1986,complete,complete,complete,complete,https://api.imf.org/external/sdmx/3.0/data/dataflow/IMF.RES/WEO/9.0.0/
NGA,Nigeria,NGA,2003|2022|2026,3,137202644,206470760234,1.59,328288508772,2393,136183095,77.006115,1.532642193415419,222163608124,1631,762013638009,5596,complete,complete,complete,3,218431826,1116311680000,1,1116311680000,5111,223150896,118.022821,1,645682070000,2893,1852963599000,8304,complete,complete,complete,3,242431832,1394763040000,0.87,1213443844800,5005,242577545,132.681448,0.8895201460267452,335673435446,1384,2156394848269,8890,complete,complete,complete,complete,https://api.imf.org/external/sdmx/3.0/data/dataflow/IMF.RES/WEO/9.0.0/
PRK,North Korea,PRK,2003|2022|2026,1,24090380,29580000000,1.59,47032200000,1952,,77.006115,1.532642193415419,,,,,missing; missing PRK,missing; missing PRK,missing; missing PRK,1,26022467,40595048601,1,40595048601,1560,,118.022821,1,,,,,missing; missing PRK,missing; missing PRK,missing; missing PRK,1,26633691,39941985600,0.87,34749527472,1305,,132.681448,0.8895201460267452,,,,,missing; missing PRK,missing; missing PRK,missing; missing PRK,"2003: pop=missing, nominal=missing, ppp=missing | 2022: pop=missing, nominal=missing, ppp=missing | 2026: pop=missing, nominal=missing, ppp=missing",https://api.imf.org/external/sdmx/3.0/data/dataflow/IMF.RES/WEO/9.0.0/
MKD,North Macedonia,MKD,2003|2022|2026,1,2081411,9383040936,1.59,14919035088,7168,2026430,77.006115,1.532642193415419,7580658261,3741,24591703786,12135,complete,complete,complete,1,2080860,35912800000,1,35912800000,17259,1831712,118.022821,1,13956600000,7619,45238632000,24697,complete,complete,complete,1,1804063,46943600000,0.87,40840932000,22638,1805417,132.681448,0.8895201460267452,19217737621,10644,50982599883,28239,complete,complete,complete,complete,https://api.imf.org/external/sdmx/3.0/data/dataflow/IMF.RES/WEO/9.0.0/
NOR,Norway,NOR,2003|2022|2026,1,4564669,121407602339,1.59,193038087719,42290,4572924,77.006115,1.532642193415419,351270190938,76815,317824149586,69501,complete,complete,complete,1,5525579,373006480000,1,373006480000,67505,5475240,118.022821,1,617321938000,112748,557347395000,101794,complete,complete,complete,1,5652989,533799200000,0.87,464405304000,82152,5661353,132.681448,0.8895201460267452,533183911012,94180,581888793156,102783,complete,complete,complete,complete,https://api.imf.org/external/sdmx/3.0/data/dataflow/IMF.RES/WEO/9.0.0/
OMN,Oman,OMN,2003|2022|2026,1,2363796,38152046784,1.59,60661754387,25663,2525751,77.006115,1.532642193415419,37908007243,15009,99989362129,39588,complete,complete,complete,1,5354087,146033360000,1,146033360000,27275,4933850,118.022821,1,109852871000,22265,201553109000,40851,complete,complete,complete,1,5671459,203420800000,0.87,176976096000,31205,5413559,132.681448,0.8895201460267452,104230238285,19254,220058340002,40649,complete,complete,complete,complete,https://api.imf.org/external/sdmx/3.0/data/dataflow/IMF.RES/WEO/9.0.0/
PAK,Pakistan,PAK,2003|2022|2026,4,167110248,266791812865,1.59,424198982455,2538,145780000,77.006115,1.532642193415419,172433419721,1183,699212886933,4796,complete,complete,complete,4,230827901,1292598560000,1,1292598560000,5600,227000000,118.022821,1,374850411000,1651,1461844948000,6440,complete,complete,complete,4,259299792,1470815280000,0.87,1279609293600,4935,245117356,132.681448,0.8895201460267452,,,1599088146270,6524,complete,missing; missing PAK,complete,"2026: pop=complete, nominal=missing, ppp=complete",https://api.imf.org/external/sdmx/3.0/data/dataflow/IMF.RES/WEO/9.0.0/
PAL,Palestine,WBG,2003|2022|2026,1,3398070,5115204678,1.59,8133175438,2393,3314509,77.006115,1.532642193415419,6081524223,1835,13405578332,4045,complete,complete,complete,1,5384358,27095000000,1,27095000000,5032,5354656,118.022821,1,19165500000,3579,31080084000,5804,complete,complete,complete,1,5692790,29192240000,0.87,25397248800,4461,,132.681448,0.8895201460267452,,,,,missing; missing WBG,missing; missing WBG,missing; missing WBG,"2026: pop=missing, nominal=missing, ppp=missing",https://api.imf.org/external/sdmx/3.0/data/dataflow/IMF.RES/WEO/9.0.0/
PAN,Panama,PAN,2003|2022|2026,1,3189807,23369590643,1.59,37157649122,11649,3226535,77.006115,1.532642193415419,20849230642,6462,59046162395,18300,complete,complete,complete,1,4467252,139575040000,1,139575040000,31244,4395414,118.022821,1,76479304000,17400,159868371000,36372,complete,complete,complete,1,4625718,176132000000,0.87,153234840000,33127,4620975,132.681448,0.8895201460267452,84525594237,18292,190744479341,41278,complete,complete,complete,complete,https://api.imf.org/external/sdmx/3.0/data/dataflow/IMF.RES/WEO/9.0.0/
PNG,Papua New Guinea,PNG,2003|2022|2026,1,6123997,7143859649,1.59,11358736842,1855,5514537,77.006115,1.532642193415419,8411879091,1525,18722985398,3395,complete,complete,complete,1,9346370,34618320000,1,34618320000,3704,12028972,118.022821,1,31653189000,2631,39211157000,3260,complete,complete,complete,1,10947848,42329760000,0.87,36826891200,3364,13071682,132.681448,0.8895201460267452,30602353720,2341,46348572631,3546,complete,complete,complete,complete,https://api.imf.org/external/sdmx/3.0/data/dataflow/IMF.RES/WEO/9.0.0/
PRY,Paraguay,PRY,2003|2022|2026,1,5326436,21672514620,1.59,34459298246,6469,5364666,77.006115,1.532642193415419,11788115122,2197,56799633860,10588,complete,complete,complete,1,7332478,94647520000,1,94647520000,12908,6284020,118.022821,1,41841202000,6658,110233470000,17542,complete,complete,complete,1,7095280,120068960000,0.87,104459995200,14722,6460159,132.681448,0.8895201460267452,53853419412,8336,134176275577,20770,complete,complete,complete,complete,https://api.imf.org/external/sdmx/3.0/data/dataflow/IMF.RES/WEO/9.0.0/
PER,Peru,PER,2003|2022|2026,2,27580490,87084795322,1.59,138464824562,5020,27255000,77.006115,1.532642193415419,89779005588,3294,231342681918,8488,complete,complete,complete,2,33779525,452069200000,1,452069200000,13383,33397000,118.022821,1,248178703000,7431,566823562000,16972,complete,complete,complete,2,34922148,565885760000,0.87,492320611200,14098,34753052,132.681448,0.8895201460267452,338818020811,9749,621848417582,17893,complete,complete,complete,complete,https://api.imf.org/external/sdmx/3.0/data/dataflow/IMF.RES/WEO/9.0.0/
PHL,Philippines,PHL,2003|2022|2026,3,84731834,172892397661,1.59,274898912281,3244,81910000,77.006115,1.532642193415419,133399843116,1629,453119756148,5532,complete,complete,complete,3,112965184,1006598560000,1,1006598560000,8911,110940000,118.022821,1,404353259000,3645,1154428429000,10406,complete,complete,complete,3,117724472,1300385680000,0.87,1131335541600,9610,115299115,132.681448,0.8895201460267452,455631967921,3952,1398824493772,12132,complete,complete,complete,complete,https://api.imf.org/external/sdmx/3.0/data/dataflow/IMF.RES/WEO/9.0.0/
POL,Poland,POL,2003|2022|2026,3,38203524,298056140351,1.59,473909263158,12405,38218531,77.006115,1.532642193415419,334976314674,8765,786247267534,20572,complete,complete,complete,3,37723292,1386683760000,1,1386683760000,36759,36889761,118.022821,1,695733607000,18860,1741733232000,47215,complete,complete,complete,3,37843189,1777406400000,0.87,1546343568000,40862,36196374,132.681448,0.8895201460267452,1008936250007,27874,1925162656851,53187,complete,complete,complete,complete,https://api.imf.org/external/sdmx/3.0/data/dataflow/IMF.RES/WEO/9.0.0/
PLS,Polynesian States,WSM+TON,2003|2022|2026,1,314616,616374269,1.59,980035088,3115,278393,77.006115,1.532642193415419,834168101,2996,1574854225,5657,complete,complete,complete,1,340676,1995399715,1,1995399715,5857,306695,118.022821,1,1442854000,4705,1978859000,6452,complete,complete,complete,1,346007,2482039715,0.87,2159374552,6241,312209,132.681448,0.8895201460267452,1861534390,5962,2434332883,7797,complete,complete,complete,complete,https://api.imf.org/external/sdmx/3.0/data/dataflow/IMF.RES/WEO/9.0.0/
PRT,Portugal,PRT,2003|2022|2026,2,10454245,143287134503,1.59,227826543860,21793,10458820,77.006115,1.532642193415419,253169099167,24206,376654174182,36013,complete,complete,complete,2,10132498,369293760000,1,369293760000,36446,10468870,118.022821,1,257100900000,24559,461454258000,44079,complete,complete,complete,2,10395362,471764480000,0.87,410435097600,39483,10742283,132.681448,0.8895201460267452,338584423036,31519,504919859359,47003,complete,complete,complete,complete,https://api.imf.org/external/sdmx/3.0/data/dataflow/IMF.RES/WEO/9.0.0/
COR,Republic of the Congo,COG,2003|2022|2026,1,3445753,7251461988,1.59,11529824561,3346,3424653,77.006115,1.532642193415419,5920866538,1729,19004277351,5549,complete,complete,complete,1,5842157,19816720000,1,19816720000,3392,5970424,118.022821,1,13967432000,2339,36316443000,6083,complete,complete,complete,1,6637786,37631440000,0.87,32739352800,4932,6667724,132.681448,0.8895201460267452,15147187580,2272,39809955545,5971,complete,complete,complete,complete,https://api.imf.org/external/sdmx/3.0/data/dataflow/IMF.RES/WEO/9.0.0/
ROM,Romania,ROU,2003|2022|2026,2,21593450,140076023392,1.59,222720877193,10314,21627509,77.006115,1.532642193415419,88571419945,4095,367272549461,16982,complete,complete,complete,2,19003504,622817360000,1,622817360000,32774,19043098,118.022821,1,295890909000,15538,808198638000,42441,complete,complete,complete,2,18800605,815547920000,0.87,709526690400,37740,18714611,132.681448,0.8895201460267452,427711535232,22854,845385557906,45172,complete,complete,complete,complete,https://api.imf.org/external/sdmx/3.0/data/dataflow/IMF.RES/WEO/9.0.0/
RUS,Russia,RUS,2003|2022|2026,20,148211088,1139083625731,1.59,1811142964912,12220,145794230,77.006115,1.532642193415419,707342652575,4852,2985331536570,20476,complete,complete,complete,20,148189354,3841589840000,1,3841589840000,25924,145579899,118.022821,1,2296410367000,15774,6005386655000,41251,complete,complete,complete,20,145811313,6285921840000,0.87,5468752000800,37506,143394458,132.681448,0.8895201460267452,2362967744409,16479,6693780517433,46681,complete,complete,complete,complete,https://api.imf.org/external/sdmx/3.0/data/dataflow/IMF.RES/WEO/9.0.0/
RWB,Rwanda-Burundi,BDI+RWA,2003|2022|2026,1,15630029,6507017544,1.59,10346157895,662,15343154,77.006115,1.532642193415419,4525038715,295,16954961550,1105,complete,complete,complete,1,26444435,42231200000,1,42231200000,1597,26567097,118.022821,1,17665614000,665,55462074000,2088,complete,complete,complete,1,29618850,63440960000,0.87,55193635200,1863,29374296,132.681448,0.8895201460267452,22658779592,771,71894326327,2448,complete,complete,complete,complete,https://api.imf.org/external/sdmx/3.0/data/dataflow/IMF.RES/WEO/9.0.0/
STP,Sao Tome and Principe,STP,2003|2022|2026,1,153814,174853801,1.59,278017544,1807,153814,77.006115,1.532642193415419,146434766,952,458995684,2984,complete,complete,complete,1,229013,935440000,1,935440000,4085,226305,118.022821,1,545871000,2412,1365235000,6033,complete,complete,complete,1,244994,1367520000,0.87,1189742400,4856,244994,132.681448,0.8895201460267452,1032810278,4216,1462717143,5970,complete,complete,complete,complete,https://api.imf.org/external/sdmx/3.0/data/dataflow/IMF.RES/WEO/9.0.0/
SAU,Saudi Arabia,SAU,2003|2022|2026,3,18786767,398103508772,1.59,632984578947,33693,19569200,77.006115,1.532642193415419,330756037261,16902,1061795250884,54258,complete,complete,complete,3,36000289,1762236960000,1,1762236960000,48951,32175224,118.022821,1,1239075467000,38510,2315220036000,71957,complete,complete,complete,3,35165787,2365897600000,0.87,2058330912000,58532,36726411,132.681448,0.8895201460267452,1235255293426,33634,2574797891412,70108,complete,complete,complete,complete,https://api.imf.org/external/sdmx/3.0/data/dataflow/IMF.RES/WEO/9.0.0/
SEG,Senegal,SEN,2003|2022|2026,1,10721176,12786549708,1.59,20330614036,1896,10541470,77.006115,1.532642193415419,13435947637,1275,33510987065,3179,complete,complete,complete,1,17798049,63660080000,1,63660080000,3577,17676280,118.022821,1,27843013000,1575,79950651000,4523,complete,complete,complete,1,19366548,92778400000,0.87,80717208000,4168,19699619,132.681448,0.8895201460267452,35998123328,1827,97521553842,4950,complete,complete,complete,complete,https://api.imf.org/external/sdmx/3.0/data/dataflow/IMF.RES/WEO/9.0.0/
SER,Serbia,SRB,2003|2022|2026,1,7590935,35756725146,1.59,56853192982,7490,7480591,77.006115,1.532642193415419,36211384596,4841,104208155944,13930,complete,complete,complete,1,6870320,143967120000,1,143967120000,20955,6664449,118.022821,1,66809896000,10025,177956093000,26702,complete,complete,complete,1,6641964,190274480000,0.87,165538797600,24923,6493391,132.681448,0.8895201460267452,99648911544,15346,201366223393,31011,complete,complete,complete,complete,https://api.imf.org/external/sdmx/3.0/data/dataflow/IMF.RES/WEO/9.0.0/
SYC,Seychelles,SYC,2003|2022|2026,1,87034,629824561,1.59,1001421052,11506,82781,77.006115,1.532642193415419,1081590194,13066,1649965953,19932,complete,complete,complete,1,99613,3070320000,1,3070320000,30822,118900,118.022821,1,1999863000,16820,3502185000,29455,complete,complete,complete,1,134959,3755840000,0.87,3267580800,24212,127350,132.681448,0.8895201460267452,2002190653,15722,4061643276,31894,complete,complete,complete,complete,https://api.imf.org/external/sdmx/3.0/data/dataflow/IMF.RES/WEO/9.0.0/
SLE,Sierra Leone,SLE,2003|2022|2026,1,5177687,4440350877,1.59,7060157894,1364,5177687,77.006115,1.532642193415419,3399432570,657,11637609658,2248,complete,complete,complete,1,8358303,14323760000,1,14323760000,1714,8276807,118.022821,1,7121338000,860,26017789000,3143,complete,complete,complete,1,8996745,28604400000,0.87,24885828000,2766,9001812,132.681448,0.8895201460267452,7356434792,817,31302192590,3477,complete,complete,complete,complete,https://api.imf.org/external/sdmx/3.0/data/dataflow/IMF.RES/WEO/9.0.0/
SGP,Singapore,SGP,2003|2022|2026,1,4138245,109485380117,1.59,174081754386,42067,4114826,77.006115,1.532642193415419,149656965088,36370,287844871309,69953,complete,complete,complete,1,5957872,617587520000,1,617587520000,103659,5637022,118.022821,1,514252660000,91228,814084777000,144418,complete,complete,complete,1,5905748,838326720000,0.87,729344246400,123497,6120863,132.681448,0.8895201460267452,586702690277,95853,945774880223,154517,complete,complete,complete,complete,https://api.imf.org/external/sdmx/3.0/data/dataflow/IMF.RES/WEO/9.0.0/
SLO,Slovakia,SVK,2003|2022|2026,1,5376196,43281286550,1.59,68817245615,12800,5374873,77.006115,1.532642193415419,51901853498,9656,113423836897,21103,complete,complete,complete,1,5459991,185784720000,1,185784720000,34027,5434712,118.022821,1,115884007000,21323,225340505000,41463,complete,complete,complete,1,5451342,226177600000,0.87,196774512000,36097,5406135,132.681448,0.8895201460267452,150237461118,27790,237875851049,44001,complete,complete,complete,complete,https://api.imf.org/external/sdmx/3.0/data/dataflow/IMF.RES/WEO/9.0.0/
SLV,Slovenia,SVN,2003|2022|2026,1,1992490,25602339181,1.59,40707719298,20431,1995033,77.006115,1.532642193415419,45057856642,22585,67099059901,33633,complete,complete,complete,1,2077864,90133120000,1,90133120000,43378,2107180,118.022821,1,59946214000,28449,107296588000,50920,complete,complete,complete,1,2114574,108638640000,0.87,94515616800,44697,2134675,132.681448,0.8895201460267452,77149835509,36141,115190906414,53962,complete,complete,complete,complete,https://api.imf.org/external/sdmx/3.0/data/dataflow/IMF.RES/WEO/9.0.0/
SOM,Somalia,SOM,2003|2022|2026,1,7372413,8501169591,1.59,13516859650,1833,,77.006115,1.532642193415419,,,,,missing; missing SOM,missing; missing SOM,missing; missing SOM,1,12637569,18164080000,1,18164080000,1437,15614061,118.022821,1,10203000000,653,26462897000,1695,complete,complete,complete,1,14011076,28596480000,0.87,24878937600,1776,17437665,132.681448,0.8895201460267452,12608400126,723,30339520086,1740,complete,complete,complete,"2003: pop=missing, nominal=missing, ppp=missing",https://api.imf.org/external/sdmx/3.0/data/dataflow/IMF.RES/WEO/9.0.0/
SOL,Somaliland,,2022|2026,,,,,,,,77.006115,1.532642193415419,,,,,complete,complete,complete,1,4357044,5668258200,1,5668258200,1301,,118.022821,1,,,,,complete,complete,complete,1,6294831,8324800000,0.87,7242576000,1151,,132.681448,0.8895201460267452,,,,,complete,complete,complete,complete,https://api.imf.org/external/sdmx/3.0/data/dataflow/IMF.RES/WEO/9.0.0/
ZAF,South Africa,ZAF,2003|2022|2026,2,51552107,245490643275,1.59,390330122807,7572,47005000,77.006115,1.532642193415419,301956208382,6424,643385702283,13688,complete,complete,complete,2,64346678,825408320000,1,825408320000,12828,60867031,118.022821,1,407430466000,6694,919875568000,15113,complete,complete,complete,2,69112279,903320000000,0.87,785888400000,11371,63969922,132.681448,0.8895201460267452,426938020966,6674,952529696959,14890,complete,complete,complete,complete,https://api.imf.org/external/sdmx/3.0/data/dataflow/IMF.RES/WEO/9.0.0/
KOR,South Korea,KOR,2003|2022|2026,1,47514160,590179532164,1.59,938385456141,19750,47892330,77.006115,1.532642193415419,1116525479069,23313,1546753590261,32296,complete,complete,complete,1,51337033,2735870000000,1,2735870000000,53292,51672569,118.022821,1,1799363195000,34822,2955318120000,57193,complete,complete,complete,1,51600388,2959808720000,0.87,2575033586400,49903,51614558,132.681448,0.8895201460267452,1717670255730,33279,3150692372865,61043,complete,complete,complete,complete,https://api.imf.org/external/sdmx/3.0/data/dataflow/IMF.RES/WEO/9.0.0/
SSD,South Sudan,SSD,2003|2022|2026,1,6903127,5635672515,1.59,8960719299,1298,,77.006115,1.532642193415419,,,,,missing; missing SSD,missing; missing SSD,missing; missing SSD,1,11695668,11909040000,1,11909040000,1018,11021178,118.022821,1,7532540000,683,14725982000,1336,complete,complete,complete,1,12436037,10019680000,0.87,8717121600,701,12436037,132.681448,0.8895201460267452,5398108156,434,17040854107,1370,complete,complete,complete,"2003: pop=missing, nominal=missing, ppp=missing",https://api.imf.org/external/sdmx/3.0/data/dataflow/IMF.RES/WEO/9.0.0/
ESP,Spain,ESP,2003|2022|2026,5,42506544,702970175439,1.59,1117722578948,26295,42547454,77.006115,1.532642193415419,1391234290241,32698,1842306652520,43300,complete,complete,complete,5,46710039,1944288720000,1,1944288720000,41625,48085361,118.022821,1,1449990473000,30155,2381957935000,49536,complete,complete,complete,5,47850793,2489088800000,0.87,2165507256000,45255,50314289,132.681448,0.8895201460267452,1860184028542,36971,2648955732510,52648,complete,complete,complete,complete,https://api.imf.org/external/sdmx/3.0/data/dataflow/IMF.RES/WEO/9.0.0/
LKA,Sri Lanka,LKA,2003|2022|2026,1,19951521,56567836257,1.59,89942859649,4508,19224036,77.006115,1.532642193415419,34257587654,1782,148254090176,7712,complete,complete,complete,1,21600347,299957680000,1,299957680000,13887,22181000,118.022821,1,74583772000,3363,314779282000,14191,complete,complete,complete,1,23348315,301491520000,0.87,262297622400,11234,,132.681448,0.8895201460267452,,,,,missing; missing LKA,missing; missing LKA,missing; missing LKA,"2026: pop=missing, nominal=missing, ppp=missing",https://api.imf.org/external/sdmx/3.0/data/dataflow/IMF.RES/WEO/9.0.0/
SDN,Sudan,SDN,2003|2022|2026,3,29896036,67181286550,1.59,106818245615,3573,33600000,77.006115,1.532642193415419,32730041496,974,176069988822,5240,complete,complete,complete,3,46333401,182455680000,1,182455680000,3938,46681401,118.022821,1,33461985000,717,178632257000,3827,complete,complete,complete,3,53282718,103640240000,0.87,90167008800,1692,51728909,132.681448,0.8895201460267452,39750928767,768,112783048319,2180,complete,complete,complete,complete,https://api.imf.org/external/sdmx/3.0/data/dataflow/IMF.RES/WEO/9.0.0/
SUR,Suriname,SUR,2003|2022|2026,1,506414,3178947368,1.59,5054526315,9981,486988,77.006115,1.532642193415419,2649587377,5441,8331629946,17108,complete,complete,complete,1,598366,9394880000,1,9394880000,15701,627710,118.022821,1,3801965000,6057,12409787000,19770,complete,complete,complete,1,645257,12973840000,0.87,11287240800,17493,667092,132.681448,0.8895201460267452,5255158711,7878,13639139600,20446,complete,complete,complete,complete,https://api.imf.org/external/sdmx/3.0/data/dataflow/IMF.RES/WEO/9.0.0/
SCA,Sweden,SWE,2003|2022|2026,1,8958431,173656140351,1.59,276113263158,30822,8975670,77.006115,1.532642193415419,512013258185,57045,455156458304,50710,complete,complete,complete,1,10237037,593351440000,1,593351440000,57961,10521556,118.022821,1,575071238000,54656,706951058000,67191,complete,complete,complete,1,10701047,703718400000,0.87,612235008000,57213,10760151,132.681448,0.8895201460267452,676462941564,62867,737892091838,68576,complete,complete,complete,complete,https://api.imf.org/external/sdmx/3.0/data/dataflow/IMF.RES/WEO/9.0.0/
SWI,Switzerland,CHE,2003|2022|2026,1,7367507,194363157895,1.59,309037421053,41946,7314000,77.006115,1.532642193415419,561858439199,76820,518623096433,70908,complete,complete,complete,1,8829838,656103963037,1,656103963037,74305,8739000,118.022821,1,858345102000,98220,814034308000,93150,complete,complete,complete,1,9048166,782893235821,0.87,681117115164,75277,9089712,132.681448,0.8895201460267452,1020200525594,112237,854472196555,94004,complete,complete,complete,complete,https://api.imf.org/external/sdmx/3.0/data/dataflow/IMF.RES/WEO/9.0.0/
SYR,Syria,SYR,2003|2022|2026,1,17889296,47493567251,1.59,75514771929,4221,17951881,77.006115,1.532642193415419,33261026917,1853,124471557097,6934,complete,complete,complete,1,19767125,44246400000,1,44246400000,2238,,118.022821,1,,,,,missing; missing SYR,missing; missing SYR,missing; missing SYR,1,26472497,120013520000,0.87,104411762400,3944,,132.681448,0.8895201460267452,,,,,missing; missing SYR,missing; missing SYR,missing; missing SYR,"2022: pop=missing, nominal=missing, ppp=missing | 2026: pop=missing, nominal=missing, ppp=missing",https://api.imf.org/external/sdmx/3.0/data/dataflow/IMF.RES/WEO/9.0.0/
TWN,Taiwan,TWN,2003|2022|2026,1,22664125,306516959064,1.59,487361964912,21504,22604550,77.006115,1.532642193415419,486432091327,21519,801942545867,35477,complete,complete,complete,1,23898689,1603723000000,1,1603723000000,67105,23264640,118.022821,1,765623525000,32909,1663472596000,71502,complete,complete,complete,1,23011293,1751435840000,0.87,1523749180800,66217,23198481,132.681448,0.8895201460267452,868810995342,37451,2023325913195,87218,complete,complete,complete,complete,https://api.imf.org/external/sdmx/3.0/data/dataflow/IMF.RES/WEO/9.0.0/
TJK,Tajikistan,TJK,2003|2022|2026,1,6658575,4730409357,1.59,7521350878,1130,6576877,77.006115,1.532642193415419,2382852461,362,12397870688,1885,complete,complete,complete,1,10022632,40075200000,1,40075200000,3998,9835989,118.022821,1,10716049000,1089,45957011000,4672,complete,complete,complete,1,10978599,55137280000,0.87,47969433600,4369,10530400,132.681448,0.8895201460267452,18161886992,1725,61974097001,5885,complete,complete,complete,complete,https://api.imf.org/external/sdmx/3.0/data/dataflow/IMF.RES/WEO/9.0.0/
TZA,Tanzania,TZA,2003|2022|2026,3,37089555,25028654971,1.59,39795561404,1073,35550842,77.006115,1.532642193415419,21699920626,610,65596318024,1845,complete,complete,complete,3,63869366,181779840000,1,181779840000,2846,61868515,118.022821,1,74172669000,1199,229472515000,3709,complete,complete,complete,3,72563781,258360960000,0.87,224774035200,3098,69652508,132.681448,0.8895201460267452,84405365804,1212,285428122342,4098,complete,complete,complete,complete,https://api.imf.org/external/sdmx/3.0/data/dataflow/IMF.RES/WEO/9.0.0/
THA,Thailand,THA,2003|2022|2026,2,64868166,339446198830,1.59,539719456140,8320,64868166,77.006115,1.532642193415419,233391697321,3598,889626619624,13714,complete,complete,complete,2,70116256,1298577280000,1,1298577280000,18520,71735329,118.022821,1,495691834000,6910,1596526258000,22256,complete,complete,complete,2,71559614,1631318480000,0.87,1419247077600,19833,71559614,132.681448,0.8895201460267452,515917703203,7210,1746710830006,24409,complete,complete,complete,complete,https://api.imf.org/external/sdmx/3.0/data/dataflow/IMF.RES/WEO/9.0.0/
TLS,Timor-Leste,TLS,2003|2022|2026,1,916878,1101169591,1.59,1750859650,1910,909829,77.006115,1.532642193415419,751667505,826,2852164359,3135,complete,complete,complete,1,1377478,4024240000,1,4024240000,2921,1361744,118.022821,1,3208600000,2356,7844553000,5761,complete,complete,complete,1,1436923,6136240000,0.87,5338528800,3715,1427484,132.681448,0.8895201460267452,1929914473,1352,6691496245,4688,complete,complete,complete,complete,https://api.imf.org/external/sdmx/3.0/data/dataflow/IMF.RES/WEO/9.0.0/
TGO,Togo,TGO,2003|2022|2026,1,5552167,4335087719,1.59,6892789473,1241,5552167,77.006115,1.532642193415419,4373978436,788,11361982352,2046,complete,complete,complete,1,8744506,19898560000,1,19898560000,2276,9098285,118.022821,1,8665026000,952,26674255000,2932,complete,complete,complete,1,9930919,29081360000,0.87,25300783200,2548,10020018,132.681448,0.8895201460267452,11952526678,1193,33485503777,3342,complete,complete,complete,complete,https://api.imf.org/external/sdmx/3.0/data/dataflow/IMF.RES/WEO/9.0.0/
TUN,Tunisia,TUN,2003|2022|2026,1,10071632,38339766082,1.59,60960228070,6053,10071632,77.006115,1.532642193415419,44135816033,4382,100481381654,9977,complete,complete,complete,1,12081067,131281920000,1,131281920000,10867,12119334,118.022821,1,44596007000,3680,163981694000,13531,complete,complete,complete,1,12415139,161678000000,0.87,140659860000,11330,12415138,132.681448,0.8895201460267452,54034137883,4352,174847915514,14083,complete,complete,complete,complete,https://api.imf.org/external/sdmx/3.0/data/dataflow/IMF.RES/WEO/9.0.0/
TUR,Turkey,TUR,2003|2022|2026,3,67831730,466381286550,1.59,741546245615,10932,66795000,77.006115,1.532642193415419,486372226323,7282,1228206568452,18388,complete,complete,complete,3,85703367,2826623360000,1,2826623360000,32981,84980000,118.022821,1,924751714000,10882,3080336218000,36248,complete,complete,complete,3,87926083,3314754080000,0.87,2883836049600,32798,86245016,132.681448,0.8895201460267452,1459011550137,16917,3580539939509,41516,complete,complete,complete,complete,https://api.imf.org/external/sdmx/3.0/data/dataflow/IMF.RES/WEO/9.0.0/
TKM,Turkmenistan,TKM,2003|2022|2026,1,4863865,16336257310,1.59,25974649123,5340,4836606,77.006115,1.532642193415419,16315451268,3373,24913167823,5151,complete,complete,complete,1,6228007,103551360000,1,103551360000,16627,6430770,118.022821,1,56677429000,8813,127651464000,19850,complete,complete,complete,1,7736632,163773280000,0.87,142482753600,18417,6752978,132.681448,0.8895201460267452,73887788119,10942,146261690338,21659,complete,complete,complete,complete,https://api.imf.org/external/sdmx/3.0/data/dataflow/IMF.RES/WEO/9.0.0/
UGA,Uganda,UGA,2003|2022|2026,1,26352124,16984210526,1.59,27004894736,1025,24116424,77.006115,1.532642193415419,13371772843,554,44512030647,1846,complete,complete,complete,1,48839366,113938880000,1,113938880000,2333,43798820,118.022821,1,47272246000,1079,145138723000,3314,complete,complete,complete,1,52761470,164655920000,0.87,143250650400,2715,49706097,132.681448,0.8895201460267452,65264159828,1313,185358667911,3729,complete,complete,complete,complete,https://api.imf.org/external/sdmx/3.0/data/dataflow/IMF.RES/WEO/9.0.0/
UKR,Ukraine,UKR,2003|2022|2026,4,48315137,197415204678,1.59,313890175438,6497,47442100,77.006115,1.532642193415419,79713261502,1680,537437116180,11328,complete,complete,complete,4,43108669,517821040000,1,517821040000,12012,34510716,118.022821,1,161989523000,4694,569619771000,16506,complete,complete,complete,4,39535849,607251920000,0.87,528309170400,13363,32282729,132.681448,0.8895201460267452,200442018188,6209,644481624359,19964,complete,complete,complete,complete,https://api.imf.org/external/sdmx/3.0/data/dataflow/IMF.RES/WEO/9.0.0/
UAE,United Arab Emirates,ARE,2003|2022|2026,1,4192457,156876608187,1.59,249433807017,59496,3865661,77.006115,1.532642193415419,190578678710,49300,405454125672,104886,complete,complete,complete,1,10109201,685725920000,1,685725920000,67832,10288946,118.022821,1,511403404000,49704,756224741000,73499,complete,complete,complete,1,11574682,796599760000,0.87,693041791200,59876,11464596,132.681448,0.8895201460267452,552877867476,48225,895117500469,78077,complete,complete,complete,complete,https://api.imf.org/external/sdmx/3.0/data/dataflow/IMF.RES/WEO/9.0.0/
GBR,United Kingdom,GBR+JEY+IMN,2003|2022|2026,6,59820384,1103967836257,1.59,1755308859649,29343,59637000,77.006115,1.532642193415419,3162001550213,53021,2899935349698,48626,partial; missing JEY+IMN,partial; missing JEY+IMN,partial; missing JEY+IMN,6,68586015,3301623600000,1,3301623600000,48138,67636000,118.022821,1,3192851047000,47206,4056416151000,59974,partial; missing JEY+IMN,partial; missing JEY+IMN,partial; missing JEY+IMN,6,69931528,3920150080000,0.87,3410530569600,48770,69850426,132.681448,0.8895201460267452,3793620556142,54311,4199302386656,60118,partial; missing JEY+IMN,partial; missing JEY+IMN,partial; missing JEY+IMN,"2003: pop=partial, nominal=partial, ppp=partial | 2022: pop=partial, nominal=partial, ppp=partial | 2026: pop=partial, nominal=partial, ppp=partial",https://api.imf.org/external/sdmx/3.0/data/dataflow/IMF.RES/WEO/9.0.0/
USA,United States of America,USA+PRI,2003|2022|2026,17,289908101,6699678362573,1.59,10652488596491,36744,294559428,77.006115,1.532642193415419,17674865044850,60004,17706146131014,60111,complete,complete,complete,17,335386250,22305188400000,1,22305188400000,66506,337451917,118.022821,1,26168443700000,77547,26200537690000,77642,complete,complete,complete,17,349035493,26941853840000,0.87,23439412840800,67155,346115644,132.681448,0.8895201460267452,28920908575458,83559,28956185313070,83660,complete,complete,complete,complete,https://api.imf.org/external/sdmx/3.0/data/dataflow/IMF.RES/WEO/9.0.0/
URY,Uruguay,URY,2003|2022|2026,1,3281186,19566081871,1.59,31110070175,9481,3338399,77.006115,1.532642193415419,20167877696,6041,51278400708,15360,complete,complete,complete,1,3499367,83409040000,1,83409040000,23835,3501498,118.022821,1,71246581000,20347,112013875000,31990,complete,complete,complete,1,3382537,114583920000,0.87,99688010400,29471,3480601,132.681448,0.8895201460267452,85476187057,24558,120838856762,34718,complete,complete,complete,complete,https://api.imf.org/external/sdmx/3.0/data/dataflow/IMF.RES/WEO/9.0.0/
UZB,Uzbekistan,UZB,2003|2022|2026,2,25711259,41912280702,1.59,66640526316,2592,25427900,77.006115,1.532642193415419,21610917029,850,105137022941,4135,complete,complete,complete,2,34521553,286893200000,1,286893200000,8311,36024900,118.022821,1,94316528000,2618,377659642000,10483,complete,complete,complete,2,37724223,413462720000,0.87,359712566400,9535,38943010,132.681448,0.8895201460267452,161449285260,4146,491159701432,12612,complete,complete,complete,complete,https://api.imf.org/external/sdmx/3.0/data/dataflow/IMF.RES/WEO/9.0.0/
VEN,Venezuela,VEN,2003|2022|2026,1,25892703,152851461988,1.59,243033824561,9386,25622082,77.006115,1.532642193415419,128257857677,5006,400596016221,15635,complete,complete,complete,1,29470896,140916160000,1,140916160000,4782,26917330,118.022821,1,89013259000,3307,195590431000,7266,complete,complete,complete,1,28633711,197105920000,0.87,171482150400,5989,26887102,132.681448,0.8895201460267452,99006565919,3682,226268895831,8416,complete,complete,complete,complete,https://api.imf.org/external/sdmx/3.0/data/dataflow/IMF.RES/WEO/9.0.0/
VNM,Vietnam,VNM,2003|2022|2026,2,79563777,162138011696,1.59,257799438597,3240,82301650,77.006115,1.532642193415419,76989860544,935,424933715216,5163,complete,complete,complete,2,99194779,1124693680000,1,1124693680000,11338,99461700,118.022821,1,411030676000,4133,1385854012000,13934,complete,complete,complete,2,102177431,1590204000000,0.87,1383477480000,13540,103077480,132.681448,0.8895201460267452,469013427768,4550,1801572435110,17478,complete,complete,complete,complete,https://api.imf.org/external/sdmx/3.0/data/dataflow/IMF.RES/WEO/9.0.0/
YEM,Yemen,YEM,2003|2022|2026,2,21456379,35686549708,1.59,56741614036,2645,,77.006115,1.532642193415419,,,,,missing; missing YEM,missing; missing YEM,missing; missing YEM,2,31363725,46856068793,1,46856068793,1494,17200294,118.022821,1,11123707000,647,30788393000,1790,complete,complete,complete,2,42961653,61564800000,0.87,53561376000,1247,19374606,132.681448,0.8895201460267452,6613576949,341,27509628269,1420,complete,complete,complete,"2003: pop=missing, nominal=missing, ppp=missing",https://api.imf.org/external/sdmx/3.0/data/dataflow/IMF.RES/WEO/9.0.0/
ZMB,Zambia,ZMB,2003|2022|2026,1,10983595,11070175439,1.59,17601578948,1603,10983595,77.006115,1.532642193415419,7512812789,684,29013126693,2641,complete,complete,complete,1,19643680,66607200000,1,66607200000,3391,20152938,118.022821,1,29163782000,1447,77389552000,3840,complete,complete,complete,1,22521916,86376400000,0.87,75147468000,3337,22521915,132.681448,0.8895201460267452,36686337949,1629,91605567946,4067,complete,complete,complete,complete,https://api.imf.org/external/sdmx/3.0/data/dataflow/IMF.RES/WEO/9.0.0/
ZWE,Zimbabwe,ZWE,2003|2022|2026,1,12232323,15481286550,1.59,24615245615,2012,11640000,77.006115,1.532642193415419,21679479777,1862,57101685451,4906,complete,complete,complete,1,15405796,35117280000,1,35117280000,2279,16228748,118.022821,1,48570383000,2993,110052394000,6781,complete,complete,complete,1,17273580,82606480000,0.87,71867637600,4161,17728284,132.681448,0.8895201460267452,50447071395,2846,133145770935,7510,complete,complete,complete,complete,https://api.imf.org/external/sdmx/3.0/data/dataflow/IMF.RES/WEO/9.0.0/
