scenario,inventory_year,data_name,alias,iso,gdp_billions,population_millions,rating,stored_green_economy,calibrated_from_edgar,actual_co2_t,predicted_co2_t,actual_ch4_t,predicted_ch4_t,actual_n2o_t,predicted_n2o_t
2003,2003,2003_AFG,AFG,AFG,23.43715789443,22.733049,2.763037646268255,0.3492793751082601,True,1017233.1862135,1017233.1862134999,426435.16386673,870788.263952243,10126.383984057,24672.12741715851
2003,2003,2003_SBK,SBK,ALB,15.569912280990001,3.118088,1.4431612028601852,0.6480204389188514,True,4211594.4062815,4211594.4062815,104867.24608582,137257.94136795026,3673.2085583904,3888.942419913764
2003,2003,2003_DZA,DZA,DZA,258.89198245641,32.175818,1.2118273378166542,0.762295441764733,True,96506338.878565,96506338.87856498,1843699.307725,1451322.6293119658,15044.672098002,41120.46328147818
2003,2003,2003_AGO,AGO,AGO,74.27438596428,17.943711999999998,1.5498100350713957,0.6061303900098564,True,17329676.255447,17329676.255447,1443517.9459201,781054.6463128967,19492.647529111997,22129.69622044919
2003,2003,2003_ARG,ARG,ARG,454.73909384469,38.42428,1.3749967452987077,0.6779675976827229,True,135195351.46403998,135195351.46403998,4790668.6046654,1703624.5348449398,120398.84399406001,48268.95737423137
2003,2003,2003_ARM,ARM,ARM,12.64189473687,3.038968,1.4324390029214085,0.6525545213177305,True,3470786.9178098,3470786.9178097993,75260.338884557,133926.29703107005,1082.6944639602,3794.5466213127497
2003,2003,2003_AUS,AUS,AUS,861.81886914,19.819451,1.1135647464719878,0.8240186631221349,True,368140173.45106,368140173.45106,4844812.486724599,903279.6791723222,157324.82772866997,25592.709801486053
2003,2003,2003_ALP,ALP,AUT;LIE,419.83842198,8.122602,1.712580218975748,0.5516997203936604,True,78169285.958023,78169285.958023,387472.06760571,347549.24444196303,15322.741161756,9847.146083125843
2003,2003,2003_AZE,AZE,AZE,31.357403508930002,8.40053,0.5373411524920338,1.569018407316008,True,29775460.069116,29775460.069116,345615.30036491,406821.45860910777,6022.237685627099,11526.51141309899
2003,2003,2003_BGD,BGD,BGD,242.81438596428,140.970351,1.8771186059820935,0.5057865506775049,True,35988719.769851,35988719.769851,2089468.8202209,5928162.398549301,67283.042132376,167963.19392590915
2003,2003,2003_BAH,BAH,BHS,14.10343833,0.335618,2.561318732700695,0.37575356446884667,True,809631.62819508,809631.6281950799,8650.372982184801,13131.981900774232,109.08620236520001,372.06970294387224
2003,2003,2003_BLR,BLR,BLR,68.07524561397,9.803176,0.6430301815203749,1.3458403505949357,True,55831136.325703,55831136.325702995,563923.0270071,469491.6800749053,45132.970387496,13302.152809835245
2003,2003,2003_BGM,BGM,BEL;LUX,552.78518919,0.0,1.5231828344933434,0.6160735431336284,True,133825523.205151,133825523.20515099,536168.823075015,0.0,31182.4804114056,0.0
2003,2003,2003_BEL,BEL,BLZ,2.0801652,0.26378,2.3983802078962166,0.40025933476396647,True,149678.37346389002,149678.37346389008,10955.192836531,10499.836885638028,294.18648983697,297.49288572870523
2003,2003,2003_BEN,BEN,BEN,14.186333332980002,7.91307,1.7816953289948347,0.5314356604871738,True,2400007.9565186,2400007.9565185998,127794.56065138,336127.1928755128,4204.141154422499,9523.524000377756
2003,2003,2003_BHU,BHU,BTN,2.34222806985,0.637663,1.619788035057276,0.5814670061748022,True,495963.37500448996,495963.37500449014,29007.29138814,27552.329941060325,468.79200618223,780.6428073113225
2003,2003,2003_BOL,BOL,BOL,35.77778947374001,9.0507,1.4940067341864005,0.6273499217745849,True,9019071.2631212,9019071.263121199,624545.4394297199,396282.3400979653,15248.130205362999,11227.905557306587
2003,2003,2003_BSM,BSM,BIH,22.15492982511,0.0,0.7723163006360814,1.1463731667868793,True,15188665.899233,15188665.899232998,133821.92473886,0.0,3098.1491273109996,0.0
2003,2003,2003_BWA,BWA,BWA,16.43650877259,1.775736,1.495406629577249,0.6267994512878388,True,4135376.6297737,4135376.6297737,136568.48955243002,77738.63180445072,5222.8668290835,2202.576112371868
2003,2003,2003_BRA,BRA,BRA,1514.81159649054,180.622688,1.5640940531407654,0.6009275726408777,True,346505525.76894,346505525.7689399,16638201.88395,7850328.501157306,438872.79846112,222424.11050423433
2003,2003,2003_BRU,BRU,BRN,18.636473684880002,0.346637,1.2650495509635862,0.7325741393739895,True,6452945.7558784,6452945.755878401,74791.799331357,15547.979978255005,275.40913370345,440.52240823950166
2003,2003,2003_BUL,BUL,BGR,71.0869473687,7.804409,0.7055229484218615,1.2414295607085408,True,53462925.595959,53462925.595959,323541.40509058,371314.24406336364,11058.23285948,10520.482097172162
2003,2003,2003_BKF,BKF,BFA,13.37831578992,0.0,2.2356666773238554,0.4281432833326086,True,1206218.4815281,1206218.4815280999,481390.82554692,0.0,17126.379002326998,0.0
2003,2003,2003_CPV,CPV,CPV,1.75672263,0.473383,1.6370105722050325,0.575701734924134,True,363207.34344658,363207.34344657994,4389.5261140557,20416.98971417207,217.30831486598,578.4765281706809
2003,2003,2003_KHM,KHM,KHM,19.3542982458,13.050968,2.0003552410805385,0.47610993628180004,True,2418096.1507677,2418096.150767699,623898.40027302,541746.4036159298,10530.63062885,15349.352823308887
2003,2003,2003_CMR,CMR,CMR,37.56305263236,16.160339999999998,1.8556009411446035,0.5113517686357345,True,5735982.1071189,5735982.107118898,670302.70165503,681125.9072125941,15576.867794659,19298.405669369975
2003,2003,2003_CAN,CAN,CAN,1424.00215083,31.836482,1.155813157379812,0.7962968010993349,True,573682736.91157,573682736.91157,4568595.291353701,1444516.50946336,131680.28007134,40927.624834897484
2003,2003,2003_CAF,CAF,CAF,3.08050877259,0.0,2.271290725949731,0.42171126005626647,True,264362.08642762,264362.08642762,170348.0725482,0.0,17212.393147605,0.0
2003,2003,2003_TCD,TCD,TCD,11.48519298267,9.487833,2.926726018525525,0.33038999694037446,True,397286.35683916,397286.35683916,838682.80202116,357216.85444748454,27762.798749679,10121.059404824795
2003,2003,2003_CHL,CHL,CHL,188.91710526366,16.024752,1.401686346086164,0.6659180211675321,True,54125510.886056,54125510.886056,733965.85814506,708497.3260527747,23578.380651811,20073.9227051053
2003,2003,2003_CHN,CHN,CHN,4192.95738272598,1294.5173269999998,0.4065195664793043,1.9742573953278044,True,4773108176.8231,4773108176.823101,37465722.727387995,63561055.5348378,1329935.3203812,1800881.4838719636
2003,2003,2003_COL,COL,COL,278.92598245641005,40.937429,1.607808571007038,0.5855457203908593,True,60051208.641858,60051208.64185799,2677794.0749015003,1771070.4084133494,58689.498645495,50179.90778011859
2003,2003,2003_COD,COD,COD,27.18063157878,55.343867,2.2753797871644887,0.420985311655661,True,2319393.3340869998,2319393.334087,562720.3871148401,2231713.189064197,20871.750358065,63231.34387369828
2003,2003,2003_COS,COS,CRI,39.98803508718,0.0,1.8600376374484948,0.5101942844841303,True,6068841.7952966,6068841.7952966,151916.44020797,0.0,4280.0376720034,0.0
2003,2003,2003_CRS,CRS,HRV,67.6624035084,4.306686,1.286283898609315,0.721352964571813,True,22748739.816207998,22748739.816207998,133130.13851866,192739.45800642233,7957.4307472382,5460.90555316593
2003,2003,2003_CUB,CUB,CUB,57.082908,11.209383,1.0729071754272381,0.85258238754976,True,25797736.373358,25797736.373357996,462381.86518947,513065.38672125404,11988.111291214,14536.73082026599
2003,2003,2003_CZE,CZE,CZE,203.10064912290002,10.248912,0.8181479493068832,1.0891490862174311,True,130667372.97524999,130667372.97524996,530917.12263568,481865.5909242891,30132.45077186,13652.74401295842
2003,2003,2003_DEN,DEN,DNK,331.41037620648007,5.494804,1.7365207824356619,0.5445078594067218,True,59690664.021657005,59690664.021657,325297.01388549,234518.93894461574,21730.123531346,6644.647594487683
2003,2003,2003_DJI,DJI,DJI,1.7620175446500002,0.813519,1.0457229640419397,0.8728113439152421,True,826898.6167376599,826898.6167376599,33590.291535702,37342.43124200708,755.40618191459,1058.0266866341317
2003,2003,2003_DOM,DOM,DOM,61.71524561397,8.98062,1.357723537184999,0.6860011342967638,True,18792797.599053,18792797.599052995,256045.29157879,398900.7442326751,7294.2562998764,11302.09305283847
2003,2003,2003_ECU,ECU,ECU,78.06807017595,13.372306,1.323107390805019,0.7026876583321818,True,24940974.323963,24940974.323962998,699041.02553917,596140.7097238346,14308.687536214,16890.51191630253
2003,2003,2003_EGY,EGY,EGY,448.53156716499007,77.853547,1.3005119167886414,0.7140246277182625,True,147855272.47507,147855272.47506997,2152127.1995353,3479002.89546803,62523.81918225,98570.92277756982
2003,2003,2003_ELS,ELS,SLV,29.76647368488,5.998599,1.5888212944929734,0.5921289619339062,True,6579481.1866814,6579481.1866814,135586.73637141002,260036.25548321672,3674.0119145353,7367.632171848567
2003,2003,2003_EQG,EQG,GNQ,12.609350877630002,0.847862,1.4061046847525356,0.6639644708125368,True,3590569.6141256,3590569.6141256,268694.504335,37468.80977053996,152.04409053216,1061.607381606529
2003,2003,2003_ERI,ERI,ERI,3.15954385977,2.493903,1.586696296400784,0.5928749604382751,True,700435.30078743,700435.3007874298,128914.96515924002,108133.65059447887,4142.6081700193,3063.7610955397495
2003,2003,2003_EST,EST,EST,21.834140351370003,1.37085,0.5795461452769008,1.471570410560597,True,19554402.312407,19554402.312407,87175.700206021,66093.06728041526,5504.324774172401,1872.621215554952
2003,2003,2003_ESW,ESW,SWZ,4.564508772060001,1.0667,1.5918366191298488,0.5910736230040483,True,1004715.0334104,1004715.0334104,60777.099993619995,46226.22131369039,1712.6332115509,1309.731962955907
2003,2003,2003_ETH,ETH,ETH,38.477070175950004,73.832663,1.9353392576722381,0.49131858299813497,True,5260677.2058147,5260677.2058147,2299394.5100085996,3085864.22225312,72888.940045985,87432.08703563237
2003,2003,2003_FIN,FIN,FIN,269.08105671,5.212955,1.4302925857642994,0.653469806560262,True,74095388.31756799,74095388.31756799,322466.510115,229785.13197620248,27992.053589494,6510.524187538173
2003,2003,2003_EUA,EUA,FRA;MCO;AND,2950.6257323131504,63.25371299999999,1.9334413346771662,0.4917771577407038,True,404479437.25227,404479437.25227,2822590.5016135997,2644241.690699623,151471.27151298,74919.55348433781
2003,2003,2003_LWG,LWG,GAB,15.618263158620001,1.38235,1.0444698763521605,0.8737669908686122,True,7342250.6626373995,7342250.6626373995,745438.60859213,63461.48706856037,1047.2427059514998,1798.0604009653357
2003,2003,2003_GAM,GAM,GMB,2.4389298251100002,1.577611,1.9750403963810523,0.4819183287920742,True,315599.63797877997,315599.6379787798,30179.739870430003,65661.61822054915,837.70742615269,1860.3969279529156
2003,2003,2003_GEO,GEO,GEO,17.163631578780002,4.085483,1.5586313434273482,0.6029067302765596,True,3955939.1828054,3955939.1828054,175443.27609839,177667.87046695416,4477.5833664941,5033.880817594838
2003,2003,2003_DEU,DEU,DEU,4029.18853242,82.111616,1.5991697405678844,0.5885227214944324,True,877912969.0939901,877912969.0939897,3046948.6809135,3555618.467685992,156791.87114981998,100741.67913494275
2003,2003,2003_GHA,GHA,GHA,46.65115789443,21.296705,1.84709466004042,0.5135857133824406,True,7208263.071274401,7208263.071274398,268514.97230239,898418.2116616298,7001.484675958501,25454.96937614569
2003,2003,2003_GRE,GRE,GRC;CYP,336.17921094,11.918061,1.3079032216877151,0.7102760932681553,True,109689396.453004,109689396.45300402,468704.162668946,532161.9057330606,21207.356519740002,15077.794325353974
2003,2003,2003_GTM,GTM,GTM,69.54343859664,12.525842,1.8550725231872833,0.5114899770417398,True,10627257.632582,10627257.632582003,357778.65922385,527968.5022029384,10132.002133179,14958.982220862392
2003,2003,2003_GIN,GIN,GIN,12.66421052679,8.870781,1.9080445426459118,0.49799692126467676,True,1798253.1775742,1798253.1775742003,276550.85814319,371825.4186879637,7147.025400898299,10534.965256847869
2003,2003,2003_GNB,GNB,GNB,1.6801929821400001,1.318806,1.8337266942994088,0.5171361614585877,True,264469.55495654,264469.55495653994,49759.769361136,55713.280415557514,1528.7761752068002,1578.5297185813965
2003,2003,2003_GUS,GUS,QAT;BHR,70.94561403519,0.0,0.6432771632169577,1.345393144694406,True,58165317.657136,58165317.657136,1445913.51060369,0.0,1276.14876124091,0.0
2003,2003,2003_GUY,GUY,GUY,4.3199649117600005,0.763101,1.2076676168786025,0.7647203211982844,True,1619652.5535418,1619652.5535417995,54333.855526491,34435.52680016789,1471.2328256691999,975.6650842245547
2003,2003,2003_HTI,HTI,HTI,19.31896491282,8.759912,2.1589047008831117,0.44269242505407735,True,1937419.6665085999,1937419.6665085997,241363.42663313,357600.5928186049,4755.6176473866,10131.931900905716
2003,2003,2003_HON,HON,HND,22.14656140389,7.119213,1.3430002733207673,0.69300056173843,True,6882870.0112108,6882870.011210801,225240.54580185,316711.7767432916,5648.147552392999,8973.425152585307
2003,2003,2003_HUN,HUN,HUN,160.98982456092003,10.108963,1.1804343735095941,0.7809849693889892,True,62681028.518658996,62681028.51865899,417375.62686535,457485.6125032342,23730.516010399002,12961.98374558666
2003,2003,2003_ISL,ISL,ISL,15.90652377,0.289605,1.6796301499233688,0.5619145079347302,True,3100039.0247174,3100039.0247173994,21327.771097650002,12434.689439523934,1251.4747763095,352.31324874809667
2003,2003,2003_IND,IND,IND,2311.0417543860303,1116.803006,1.0467457309842028,0.8720328953322047,True,1083013978.3178,1083013978.3177998,24105740.918791,51258354.995589085,613822.1086306301,1452307.8892970418
2003,2003,2003_IDN,IDN,IDN,946.03464478011,226.11139099999997,1.2098404128414437,0.7634517840464967,True,353623019.5399,353623019.5398999,6051498.007444801,10201116.999081016,157438.25201385,289029.2265267274
2003,2003,2003_IRN,IRN,IRN,622.125166941,68.769339,0.808580811559515,1.100617564532945,True,405595949.79066,405595949.79066,4918147.179408,3236538.4390619295,90705.183290464,91701.15407463348
2003,2003,2003_IRQ,IRQ,IRQ,93.39622807038,26.802659000000002,0.586096597517323,1.4575207100844882,True,82888450.34288,82888450.34287998,2178201.3658576002,1291350.454393659,13558.527925926,36587.95630340882
2003,2003,2003_IRL,IRL,IRL,261.76122936,3.992935,1.7786981159396096,0.5322834954246288,True,44468486.164461,44468486.164461,753990.12783167,169663.34551783788,34745.26725955,4807.087844338537
2003,2003,2003_ISR,ISR,ISR,208.73184033,6.50282,1.3499369816402798,0.689685146777016,True,64250372.573033,64250372.57303301,229486.48929417002,289079.0056934096,9093.458628672099,8190.503199621034
2003,2003,2003_ITA,ITA,ITA;MLT;SMR,2527.17924531,58.147925,1.6931579065042173,0.5576753705698523,True,483374134.4165897,483374134.41658956,1860224.5385752737,2493125.339926406,88435.8329619715,70637.95942130931
2003,2003,2003_IVO,IVO,CIV,49.72980701733,0.0,2.0482018650724445,0.46550560087437437,True,5814419.6379685,5814419.637968498,268995.38034125,0.0,6786.912213399401,0.0
2003,2003,2003_JAM,JAM,JAM,18.73968421008,2.656623,0.9139455618435074,0.9862462420387222,True,10557040.964936001,10557040.964936001,45736.912814790994,123650.14245584277,1714.2898102892,3503.391347942725
2003,2003,2003_JPN,JPN,JPN,5819.03734167,128.582015,1.5968824582226702,0.58931601016573,True,1271926749.2672,1271926749.2671995,1928989.3749439,5569233.687431704,94021.69352471801,157793.63232183192
2003,2003,2003_JOR,JOR,JOR,35.5146491229,5.741828,1.0045109294345855,0.9053780939152081,True,17646626.043807,17646626.043806996,88734.174958059,264710.29230835935,2610.0876739222,7500.06210559505
2003,2003,2003_KAZ,KAZ,KAZ,149.17361403519,15.74738,0.4398114267762108,1.8524987623401479,True,162154551.51878998,162154551.51878998,1332895.3513455002,770492.0971173818,23507.2091692,21830.42650082876
2003,2003,2003_KEN,KEN,KEN,77.28236842122,33.652223,2.2089129969065704,0.43310423620975647,True,7231231.7302066,7231231.7302066,1074763.6856677,1366545.1675669816,31445.167365437002,38718.45532516717
2003,2003,2003_KOS,KOS,XKX,7.7454385961100005,1.826434,0.9910802775024778,0.9165228449450448,False,0.0,3920904.1679239874,0.0,84321.66722533743,0.0,2389.0938864615428
2003,2003,2003_KUW,KUW,KWT,91.46963157825,2.109881,0.7473286658751587,1.1801795929648569,True,64918762.920932,64918762.920932,1202670.0331468,99941.67527310977,2529.0169130008,2831.657072904322
2003,2003,2003_KGZ,KGZ,KGZ,12.25043859717,5.159422,1.0569931354167592,0.8643093631145798,True,5659894.7542666,5659894.754266599,183266.36948529,236548.5258764386,3966.253812248,6702.152075725018
2003,2003,2003_LAO,LAO,LAO,12.825070174890001,5.697945,2.208905626851179,0.43310561868384895,True,1200040.8868378,1200040.8868377998,254722.93480114,231381.60148087025,5740.299436597,6555.757111163027
2003,2003,2003_LVA,LVA,LVA,27.18435087657,2.288984,1.3900527057806866,0.6711172001637806,True,7915053.282824,7915053.282823999,77035.836406177,101326.25268675425,6524.455516603301,2870.8864375874336
2003,2003,2003_LEB,LEB,LBN,51.320736841380004,4.525508,1.3198220992168153,0.7043135900980888,True,16470652.224440001,16470652.224440003,78301.158393821,201818.11146427548,2644.5592534437997,5718.131912501274
2003,2003,2003_LES,LES,LSO,2.8182982458000003,1.985059,1.922981533854087,0.49431988540935823,True,391982.51981272,391982.5198127201,57998.153697841,83074.38946287519,2074.8106242729996,2353.754645966514
2003,2003,2003_CAB,CAB,TTO;BRB;LCA,31.029066530970002,2.182077,0.5768475993906977,1.4774374628796882,True,27893425.0988286,27893425.0988286,172898.9623487281,105234.83423067616,917.0949085288449,2981.628653421069
2003,2003,2003_LBR,LBR,LBR,2.74019298267,3.119532,1.72109489884111,0.5491202027068275,True,504206.87790153,504206.8779015301,56155.151045295,133358.59445479454,949.8443822009101,3778.461849759504
2003,2003,2003_LBY,LBY,LBY,91.80622807038,5.619398,0.8856307089637138,1.0145787777365358,True,53789724.898895,53789724.898894995,1415108.2440978,262331.2942703813,4435.0524031316,7432.657725968057
2003,2003,2003_LTU,LTU,LTU,43.53159649107,3.415278,1.400503620606511,0.6664429104115024,True,12492443.470206,12492443.470205996,166229.23193711,151017.43081278473,16374.982696353001,4278.791354300208
2003,2003,2003_MDG,MDG,MDG,18.997245613440004,18.071854,2.3079195349298285,0.4152962694532656,True,1549582.1970602002,1549582.1970601992,600382.42805211,726244.1567958143,15718.907211492,20576.745362998896
2003,2003,2003_MAL,MAL,MWI,8.803578946950001,12.181574,1.239662321748916,0.7464567628464087,True,3157462.2880111,3157462.2880111,137412.46867358,547853.0943951695,4235.2429734047,15522.3742789711
2003,2003,2003_MYS,MYS,MYS,306.31024561344,24.679602000000003,0.984199221761732,0.9223397138904827,True,156546926.06496,156546926.06496,852821.60905135,1140218.8416758715,22541.335008440998,32305.92982224072
2003,2003,2003_MLD,MLD,MDV,3.20138596428,0.296491,1.7353965718737798,0.5448413794186655,True,577504.25337661,577504.2533766098,2114.9958845661,12655.772833523793,61.044688834487,358.57722575879455
2003,2003,2003_MLI,MLI,MLI,17.25847368435,12.684955,2.6331159571741916,0.36588275641034806,True,896888.81909487,896888.8190948697,464084.42629982,492593.5268845934,17010.605937857003,13956.699651651157
2003,2003,2003_MRT,MRT,MRT,8.91701754465,2.802046,1.8549077668028546,0.5115330845687137,True,1362962.3613167,1362962.3613166998,245936.07707501,118109.24251184566,6824.2032121383,3346.400498291677
2003,2003,2003_MRS,MRS,MUS,11.901754386030001,1.242099,1.5538349016567856,0.6046552766531991,True,2761462.5117083,2761462.5117083,18262.103225552,54043.21467989397,551.82016514,1531.2115858836626
2003,2003,2003_PCS,PCS,FJI;SLB;VUT,6.92347368435,0.0,1.4268552862682882,0.6549409161388507,True,1915585.58473138,1915585.58473138,53104.2138800646,0.0,1545.6044287302202,0.0
2003,2003,2003_MEX,MEX,MEX,1366.71378947427,102.97851500000002,1.3499067784030485,0.6896995137173002,True,420709877.54564,420709877.54563993,4818691.5915267,4577863.366303553,124256.19134023,129705.04191128806
2003,2003,2003_MCS,MCS,FSM;KIR,1.03351819119,0.0,2.7619933474204674,0.34940682196249906,True,44922.34615270459,44922.34615270459,1696.14839148076,0.0,57.388497086653004,0.0
2003,2003,2003_MOL,MOL,MDA,12.567508771530001,4.095419,0.8375571043070735,1.0666016986123492,True,7870812.5553165,7870812.5553164985,85134.6670858,192157.95919712263,2388.9092078719,5444.429891618941
2003,2003,2003_MNG,MNG,MNG,9.24338596428,2.521805,0.4907657681215736,1.6927182547825117,True,9362474.5304598,9362474.5304598,282634.42440159,122726.9212747557,26620.113881465,3477.233633654503
2003,2003,2003_MAR,MAR,MAR,119.01847368435,29.571415000000002,1.3215602923884993,0.7034524004042096,True,38105335.871585,38105335.871585,680044.38797643,1318515.9011715925,19062.009000289,37357.63751294562
2003,2003,2003_MOZ,MOZ,MOZ,10.46779521,19.392475,1.5256330301589445,0.6151449813382704,True,2525588.5754637,2525588.5754636996,228863.92251773,846269.4230218214,13698.701202487999,23977.432744987804
2003,2003,2003_MMR,MMR,MMR,51.63222806985001,46.667192,1.6181158880275255,0.5820329158052575,True,10958422.096608,10958422.096607998,2560714.0315310997,2016764.999070111,42465.035705645,57141.19618664525
2003,2003,2003_MNE,MNE,MNE,5.68401754359,0.633559,0.9661835748792271,0.9379247847757135,False,0.0,2978413.0812763893,0.0,29326.583885816224,0.0,830.9129145320308
2003,2003,2003_SWA,SWA,NAM,10.586982455880001,1.917464,1.6091218495141097,0.5850957907327042,True,2275172.3560757,2275172.3560756994,162148.87870782998,82943.50606164335,6864.2270935039005,2350.0463140037855
2003,2003,2003_HYS,HYS,NPL,39.724894736340005,25.688758,2.275737217304637,0.42092197433120887,True,3388148.3794907,3388148.379490699,809206.11131123,1035847.0449914488,15310.772247994,29348.753694408726
2003,2003,2003_NET,NET,NLD,933.57387317604,16.85646,1.6704122703648476,0.564840188208772,True,184285127.64220998,184285127.64220995,918080.53755886,724464.3993513583,49919.309995885,20526.319324593238
2003,2003,2003_NZL,NZL,NZL,131.02883766,0.0,1.4334683873424845,0.6521164754710135,True,35922199.402008004,35922199.402008004,1410784.0334637999,0.0,40895.140636894,0.0
2003,2003,2003_NIC,NIC,NIC,15.76796491176,5.210963,1.4001547800624692,0.6665978826253902,True,4527187.3328418,4527187.3328418,242203.17826912,230427.85046772298,6376.6668944743005,6528.73439221432
2003,2003,2003_NER,NER,NER,8.96815789443,12.796984,2.246274968247634,0.4262075048888543,True,796784.64047849,796784.6404784902,470968.95071738,517616.6878921065,16527.931319755,14665.683272945455
2003,2003,2003_NGA,NGA,NGA,328.28850877205997,137.202644,1.304540163178594,0.7119767922740741,True,107615353.72598001,107615353.72597998,8180777.056076501,6128504.998079405,63344.652283865005,173639.5200172339
2003,2003,2003_PRK,PRK,PRK,92.13616320663,0.0,0.6486111111891538,1.3358070499535066,True,74982051.554538,74982051.554538,806707.4140454801,0.0,9655.9696681326,0.0
2003,2003,2003_MKD,MKD,MKD,14.919035088240001,2.081411,0.8299896104999476,1.0752808297099319,True,9442069.5115609,9442069.5115609,62446.088530249,97738.15842867909,1835.7565037041,2769.2246187679966
2003,2003,2003_NOR,NOR,NOR,329.7184431,4.564669,1.9455592961042405,0.4888638534724933,True,44445707.436751,44445707.43675102,356714.02460132,190576.75501748495,17142.777664739002,5399.629481912565
2003,2003,2003_OMN,OMN,OMN,60.661754386560006,2.363796,0.9572537474885028,0.945846730149211,True,32182574.186679002,32182574.186679006,1017814.5270478,109519.89336553188,2223.8137199029,3103.037644954075
2003,2003,2003_PAK,PAK,PAK,424.19898245535006,167.110248,1.4260548540880917,0.6552844396917562,True,117497613.30496,117497613.30495998,4816917.2697607,7369447.688381476,132274.13025665,208799.26830502582
2003,2003,2003_PAL,PAL,PSE,8.13317543802,3.39807,1.7857142857142856,0.5303030303030303,False,0.0,1368305.2985929835,0.0,144280.30930325124,0.0,4087.907844279446
2003,2003,2003_PAN,PAN,PAN,37.15764912237,3.189807,1.8805364573542358,0.5049137047120469,True,5481285.9844958,5481285.9844958,142264.79514499,134091.2149441562,3400.0062496428,3799.2192563647723
2003,2003,2003_PNG,PNG,PNG,11.35873684191,6.123997,1.1632246973951494,0.7916248012424585,True,4529278.047867799,4529278.047867799,71753.409941385,277647.1848270409,5724.4066183367,7866.60432236119
2003,2003,2003_PRY,PRY,PRY,34.45929824580001,5.326436,2.036925103581324,0.46796211917959873,True,4092468.2085957,4092468.208595699,636170.19876179,220250.38695530914,16765.091741988002,6240.375342194409
2003,2003,2003_PER,PER,PER,138.46482456198,27.580489999999998,1.6646162592423155,0.5666954471049566,True,27553108.653819,27553108.65381899,773934.3138051401,1186090.5973444928,21575.462334456,33605.61867607105
2003,2003,2003_PHL,PHL,PHL,274.89891552459005,84.73183399999999,1.439144067630279,0.6497117593024515,True,74774231.349169,74774231.34916903,1822269.3300579998,3731466.3865486444,37680.847731691,105723.9950891452
2003,2003,2003_POL,POL,POL,473.90926315809,38.203524,0.7939375534976422,1.118646370864917,True,315302313.03279996,315302313.0327999,2263467.031747,1800774.7122831626,99262.960544479,51021.52267119183
2003,2003,2003_PLS,PLS,WSM;TON,0.98003508771,0.0,1.264154909680824,0.7330545767958079,True,339761.78255272,339761.78255271993,8602.2326165273,0.0,228.38187294371397,0.0
2003,2003,2003_PRT,PRT,PRT,262.64373342,10.454244999999998,1.5320958057667855,0.6127091292475833,True,62803442.72249,62803442.72249,424065.51113661,455902.9082149029,13440.201723575,12917.14083315676
2003,2003,2003_RTK,RTK,COM,1.21342105305,0.569798,2.108826172672287,0.4527291519686123,True,130437.25605393999,130437.25605393996,9996.5921453198,23383.573167585473,164.66316311889,662.5290217401897
2003,2003,2003_COR,COR,COG,11.52982456092,0.0,1.3463799026421779,0.6913812879819801,True,3566573.8599576,3566573.8599575995,364515.61445202,0.0,1634.4427275322,0.0
2003,2003,2003_ROM,ROM,ROU,222.72087719328,21.59345,1.0231225755096423,0.8903747656806091,True,107847418.77563,107847418.77562998,785512.97486742,993553.052535513,31743.528875804,28150.433948897753
2003,2003,2003_RUS,RUS,RUS,1781.60889135459,148.21108800000002,0.5181866554002825,1.617634400976335,True,1737252374.0654001,1737252374.0654,10949041.224000001,7192076.903597975,229800.30056109,203773.80484459962
2003,2003,2003_RWB,RWB,BDI;RWA,10.346157894960001,15.630029,2.266674746996223,0.42253376864277487,True,893583.04360768,893583.0436076805,183254.173589123,630851.2728456467,5600.0899832412,17873.969631012427
2003,2003,2003_STP,STP,STP,0.27801754359,0.0,1.4647482007672323,0.6390804600444191,True,72985.385867726,72985.38586772597,1888.5746546882,0.0,38.956059379077,0.0
2003,2003,2003_SAU,SAU,SAU,632.98457894748,18.786767,1.0188543248442063,0.8937714032961742,True,308327100.86244,308327100.86244,2681343.8582688,864801.3923446862,23978.734560313,24502.50080958183
2003,2003,2003_SEG,SEG,SEN,20.33061403572,10.721176,1.580861894664513,0.5949328753148945,True,4543670.1151755,4543670.1151755,258383.42531112,465147.50999905297,8647.701099501599,13179.069022340474
2003,2003,2003_SER,SER,SRB,56.85319298214,7.590935,1.017293997965412,0.8950195757079121,False,0.0,27753185.634184744,0.0,349486.97952382336,0.0,9902.048117086853
2003,2003,2003_SYC,SYC,SYC,1.12206777,0.087034,0.7761569713514049,1.1413479920813467,True,765166.63463566,765166.63463566,1706.6802163602,4110.157806719167,64.416263543632,116.45349542465298
2003,2003,2003_SLE,SLE,SLE,7.0601578944300005,5.177687,2.258340707228568,0.4240269427292216,True,616861.72335265,616861.7233526497,95572.268117819,209162.74734756895,1700.6860263267001,5926.228185552548
2003,2003,2003_SGP,SGP,SGP,174.08175438602998,4.138245,1.5180901797611073,0.6180125264388161,True,42442591.151501,42442591.15150101,91376.523684848,180732.70560049076,4532.7627276134,5120.7170854425485
2003,2003,2003_SLO,SLO,SVK,68.8172456145,5.376196,0.8494209018106816,1.0532736303707415,True,42396005.618634,42396005.61863401,203620.86952759,251937.18511874264,10060.254251063001,7138.160434269205
2003,2003,2003_SLV,SLV,SVN,46.7441079,1.99249,1.2243542802029912,0.7550849609869682,True,17124667.355591998,17124667.355591998,141300.72969646,89754.72470294514,3442.6674191686,2543.029225167066
2003,2003,2003_SOM,SOM,SOM,6.41639465265,7.372413,2.0461161163912114,0.4659580124124616,True,752378.56227594,752378.5622759397,840563.0530077,304557.33639318205,19299.489701492,8629.052228171844
2003,2003,2003_ZAF,ZAF,ZAF,367.22353154301,51.552107,0.450008169365762,1.818154812415137,True,393575978.59612,393575978.59612,2956845.7758615,2519647.133130991,71939.884599876,71389.40393240683
2003,2003,2003_KOR,KOR,KOR,1158.31047804,0.0,1.1017159021203289,0.8321434360946561,True,502986019.68267,502986019.68267006,1250193.2766531,0.0,45618.230499069,0.0
2003,2003,2003_SSD,SSD,SSD,10.81172919279,0.0,0.24642681123706262,2.8866126049224636,False,0.0,15366021.304306328,0.0,0.0,0.0,0.0
2003,2003,2003_ESP,ESP,ESP,1443.30002853,42.506544000000005,1.5514891725384858,0.6055141121288194,True,335967337.85458004,335967337.85458004,1607266.7930234,1849899.3212862588,86296.647012887,52413.37493059361
2003,2003,2003_LKA,LKA,LKA,89.94285964863,0.0,1.9031056566645974,0.4992247896025193,True,12859169.234936,12859169.234935995,327630.96182327,0.0,7119.2943946932,0.0
2003,2003,2003_SDN,SDN,SDN,106.81824204177,29.896036000000002,2.3504413853362163,0.40808974496763717,True,8214264.8562082,8214264.856208199,2619484.8912543,1196045.9270872902,95515.694403414,33887.683988687146
2003,2003,2003_SUR,SUR,SUR,5.0545263151199995,0.506414,1.5166646990936725,0.6185574538496545,True,1234773.5616406,1234773.5616405997,29990.803252416,22120.32385107344,399.64183390594,626.7372576721193
2003,2003,2003_SCA,SCA,SWE,472.19029452,8.958431,1.9922830267188152,0.47794681084242785,True,59658612.710526995,59658612.71052701,363733.00179698,372181.369317833,22730.742832170003,10545.05044019025
2003,2003,2003_SWI,SWI,CHE,538.03211661,7.367507,2.2762178081383455,0.42083684272337507,True,45858360.337503,45858360.33750299,183028.46058678,297064.7290858562,8471.4961093924,8416.763466568582
2003,2003,2003_SYR,SYR,SYR,75.51477192909,17.889296,0.8578468210657594,1.0440082673003377,True,45981873.368374,45981873.368374,755079.37202145,837577.2649527943,17064.427280284002,23731.15699658052
2003,2003,2003_TWN,TWN,TWN,504.63639102,22.664125,0.9768003983451009,0.9286772196006494,True,260565025.62093002,260565025.62093002,468191.22455997,1047918.6507907603,19189.544604482,29690.779659548116
2003,2003,2003_TJK,TJK,TJK,7.52135087763,6.658575,1.208594734594197,0.764178529504863,True,2816302.5577985,2816302.5577984997,146679.92162603,300444.0321699053,3630.3378902513,8512.50958502503
2003,2003,2003_TZA,TZA,TZA,39.79556140389,37.089555000000004,2.165374508375979,0.4414281154407836,True,3955298.5830079,3955298.5830079005,994053.96812365,1513052.7431564208,41719.100189699,42869.46851879453
2003,2003,2003_THA,THA,THA,539.7194561397,64.868166,1.2056118783249912,0.7659244041827576,True,202930531.44207,202930531.44206998,2713127.04672,2927860.5866156546,64716.171493949005,82955.35486984882
2003,2003,2003_TLS,TLS,TLS,1.75085964969,0.0,1.86494433439599,0.5089202693914445,True,263920.39951253997,263920.3995125399,23522.269899961,0.0,599.71266609518,0.0
2003,2003,2003_TGO,TGO,TGO,6.89278947321,5.552167,1.6308055105799386,0.5777656668454513,True,1437415.2831374,1437415.2831374002,104721.85554831999,239621.3446631078,2362.4453880649,6789.214545182804
2003,2003,2003_TUN,TUN,TUN,60.960228070380005,10.071632,1.2495811076200012,0.7409706570089064,True,21565214.786054,21565214.786053997,286534.48783707,452487.6200041674,7287.2767551731995,12820.375144653859
2003,2003,2003_TUR,TUR,TUR,741.5462456145,67.83173,1.3454070934098477,0.6918466116289138,True,229695482.10868,229695482.10867998,1722189.8652228,3016858.8368307366,87454.438604889,85476.95083078275
2003,2003,2003_TKM,TKM,TKM,25.84552155,4.863865,0.051154094006152014,6.615765233320771,True,48152347.302786,48152347.302786,870856.40639424,247927.88609271622,12584.804262243,7024.564580353289
2003,2003,2003_UGA,UGA,UGA,27.00489473634,26.352124,2.4817716640544507,0.38733092237505845,True,1730999.9601958,1730999.9601957996,536119.1138637799,1039777.7746202339,18974.90932848,29460.12343405545
2003,2003,2003_UKR,UKR,UKR,313.89016894128,48.315137,0.33789661675059973,2.283644042332351,True,392982920.01221997,392982920.01222,2792761.9345445,2389496.849639917,80554.89580734899,67701.84346495525
2003,2003,2003_UAE,UAE,ARE,249.43380701733003,4.192457,1.0983595828593777,0.8344740713083157,True,108819556.09791,108819556.09790999,805408.0498827801,191379.31108051437,4499.7969479207,5422.3683798354705
2003,2003,2003_GBR,GBR,GBR;JEY;IMN,3039.3509001401103,59.820384,1.7191834005825104,0.5496971881338603,True,560737105.7648699,560737105.7648698,3911953.1293218,2557809.67928995,115569.41417542999,72470.66701365646
2003,2003,2003_USA,USA,USA;PRI,18350.28381,0.0,1.328472483014962,0.7000484866809478,True,5819057513.213424,5819057513.213423,28551162.657465704,0.0,896618.2474173362,0.0
2003,2003,2003_URY,URY,URY,31.11007017489,3.281186,1.8795876074024245,0.5051557184236873,True,4595221.8978549,4595221.8978549,891432.8798125901,137946.34114217362,20952.581074216,3908.446916754931
2003,2003,2003_UZB,UZB,UZB,66.64052631618,25.711259000000002,0.02371740921867681,8.082936801824301,True,128970122.06405999,128970122.06405997,1354912.8400621,1314385.1454404914,21838.045728417,37240.6004145535
2003,2003,2003_VEN,VEN,VEN,243.03382456092,25.892703,0.8825664950986113,1.0177428245196158,True,143000890.06467998,143000890.06467998,2406931.227891,1209143.6791948283,37440.111000692,34258.7838556156
2003,2003,2003_VNM,VNM,VNM,257.79943859664,79.563777,1.3656297750116266,0.6823005489173193,True,77646326.25744501,77646326.25744502,3349772.7997339997,3531117.328661398,63912.928263087,100047.486012568
2003,2003,2003_YEM,YEM,YEM,56.74161403572,21.456379,1.2691353220362973,0.7303879929945222,True,19536019.49501,19536019.49501,514289.20168484,961985.5144847947,11999.214975687,27256.027865037126
2003,2003,2003_ZMB,ZMB,ZMB,17.60157894801,10.983595,1.9873193747680855,0.47908336984181277,True,2239216.7701723003,2239216.7701723,256528.94708269002,456556.2699269199,20421.608049389,12935.65259322024
2003,2003,2003_ZWE,ZWE,ZWE,24.6152456145,12.232323,1.085736330279683,0.8433578144342825,True,10928379.391854,10928379.391854,378377.56019903,559130.1593048765,14058.876975845,15841.888440865127
2022,2022,AFG,AFG,AFG,70.395227904,41.044223,1.8197074201050893,0.5209127128056095,True,11297963.865541,11297963.865541002,569896.76529118,1736486.2213432589,14107.134095812,49200.030690205356
2022,2022,SBK,SBK,ALB,43.285188848,2.864358,2.1291199959821046,0.44860752305952933,True,4523882.808581701,4523882.8085817,76544.5075489,117297.47330622337,3016.3173924370003,3323.400563515872
2022,2022,DZA,DZA,DZA,514.692116917,45.578284000000004,1.2219421117247333,0.7564627763429848,True,189188639.92270002,189188639.9227,1954964.3050024998,2053664.5843509927,24539.876530821002,58186.67567618067
2022,2022,AGO,AGO,AGO,214.785492518,35.373918,2.004427183849476,0.4751886915710586,True,26683913.659592,26683913.659592003,1169921.4914935,1467743.4636298849,24800.686123505,41585.71635545617
2022,2022,ARG,ARG,ARG,1035.51194824,46.135796,1.704247227075361,0.5542477688165688,True,195041055.82582,195041055.82582003,4803286.9002719,1975788.6662582671,144534.46051137,55980.20981823325
2022,2022,ARM,ARM,ARM,39.959896757,2.973185,1.6808943946222865,0.5615156086849787,True,7774188.8898575995,7774188.889857599,93453.770138137,127641.81525368575,1764.3092805578,3616.4877962446385
2022,2022,AUS,AUS,AUS,1731.233002,26.155303,1.5975466817414539,0.589085420009855,True,378065089.62997997,378065089.62997997,4716711.9343685,1132777.4017680837,176039.78282638,32095.090791477043
2022,2022,ALP,ALP,AUT;LIE,514.025398552,9.072935,2.018259079797753,0.47208578475465707,True,62647180.523681,62647180.523680985,297895.66258862,375908.2670616399,12372.584589638,10650.644991486326
2022,2022,AZE,AZE,AZE,154.155264045,10.323606,1.4788845075664587,0.6333585485244289,True,39683608.947178,39683608.94717799,536384.58151569,452736.93424008635,9237.011555726402,12827.438988816832
2022,2022,BGD,BGD,BGD,985.843364628,168.375408,2.013977071074485,0.4730420275995346,True,120865650.95962,120865650.95961997,2672464.4590171003,6979248.669795102,92865.635811618,197743.7220796794
2022,2022,BAH,BAH,BHS,13.89681,0.401623,2.1527857781354727,0.4438948477505278,True,1405526.14488,1405526.1448799993,11858.603732093,16405.786260408368,157.71971925634,464.8267159209928
2022,2022,BLR,BLR,BLR,172.713564056,9.429534,1.3138016223365754,0.7073128112183874,True,55894496.521193005,55894496.52119302,658534.98108624,420783.31780635513,55290.739346986,11922.09410909385
2022,2022,BGM,BGM,BEL;LUX,672.41594,0.0,1.8970774287824625,0.5007317120446649,True,96942357.16300489,96942357.1630049,449488.153861133,0.0,30600.71664978017,0.0
2022,2022,BEL,BEL,BLZ,2.846604,0.414463,2.0026359585558775,0.4755935024942764,True,354527.61013301,354527.61013301,18431.797135855,17200.248382194728,386.0299083087,487.33628743020887
2022,2022,BEN,BEN,BEN,49.88726057,12.890081,1.9105228586004595,0.49738305422506246,True,7059440.4066967,7059440.406696699,253619.13277330002,540156.3213717822,7361.3661018049,15304.30087054908
2022,2022,BHU,BHU,BTN,8.566319045,0.790424,1.7486415775689805,0.540937741601068,True,1517179.9960452,1517179.9960452,39034.165203923,33692.343221142895,699.28637732403,954.6083925865399
2022,2022,BOL,BOL,BOL,104.031567281,12.042349,1.5767669137310831,0.5963858135623841,True,23382280.312170997,23382280.312170997,902565.37559115,522693.2122988496,24775.695836356,14809.516925952
2022,2022,BSM,BSM,BIH,52.725146477,0.0,1.1175426970551876,0.8213264326734925,True,22398557.194225,22398557.194224995,198293.98974039,0.0,4755.7443872757,0.0
2022,2022,BWA,BWA,BWA,41.3367176,2.454875,1.7979220882323854,0.5268920184870929,True,6837684.0075795995,6837684.0075795995,122512.64649351999,104098.75329307231,6780.0660133203,2949.439963231849
2022,2022,BRA,BRA,BRA,3157.102264603,215.777182,1.859850651013597,0.510242961361785,True,479266395.23660004,479266395.2366,22101085.545961,9090504.090880962,611973.8198267,257562.12445775018
2022,2022,BRU,BRU,BRN,34.04436353,0.446604,1.4178946556508196,0.6588072474444778,True,9537127.1096973,9537127.1096973,58339.538793961,19711.871318494625,1471.1329987924,558.4983410240402
2022,2022,BUL,BUL,BGR,195.309154854,6.829004,1.490959563725382,0.6285514872913586,True,49443077.448864,49443077.44886398,290489.0149394,299102.02072482347,14763.076170707,8474.486246012551
2022,2022,BKF,BKF,BFA,52.406207568,0.0,2.006892260944773,0.47463271783607,True,6488483.2985618,6488483.298561801,766306.4736909701,0.0,25076.600918376,0.0
2022,2022,CPV,CPV,CPV,3.544399294,0.569457,1.6908378578952086,0.5583978446688138,True,680121.98077633,680121.9807763298,5918.6861386797,24421.761559086022,240.73672616032,691.9441130298459
2022,2022,KHM,KHM,KHM,77.15244225,17.237584,1.534595792148145,0.6117720385697463,True,18384886.137024,18384886.137024004,893603.46953483,751521.9872558241,11798.790964048001,21292.944558321193
2022,2022,CMR,CMR,CMR,106.132342139,28.127452,2.1732590146957773,0.43989707883499873,True,10433870.460084999,10433870.460085,762192.36686358,1146494.7267723652,18042.225111821,32483.745076724477
2022,2022,CAN,CAN,CAN,2200.567395,38.939056,1.4670738548152804,0.6381320171523603,True,575835184.19232,575835184.1923199,4433729.3110961,1709780.4573642663,150563.55021378,48443.37371750826
2022,2022,CAF,CAF,CAF,4.913450293,0.0,2.4647884261183823,0.3898957082839874,True,322452.73437451,322452.73437451,270489.06638013,0.0,17818.386426724,0.0
2022,2022,TCD,TCD,TCD,27.435238978,17.571864,2.1297076303448526,0.44848929356955075,True,2865015.5649661003,2865015.5649661003,2413782.6463063,719535.6308175419,76661.301721285,20386.672052908518
2022,2022,CHL,CHL,CHL,507.819180189,19.256615,1.7447374251839038,0.5420825676046058,True,90427910.670242,90427910.670242,830259.02190742,821163.5990570992,23145.666619577,23266.107026197056
2022,2022,CHN,CHN,CHN,26106.721555633,1449.7372970000001,1.030169168312527,0.8848232884401859,True,12518684441.195,12518684441.195,50899368.103709,66655486.75360374,1531150.8505299,1888556.3004416244
2022,2022,COL,COL,COL,830.33447505,51.574932000000004,2.1162395799682208,0.4512147554075987,True,88344574.31999199,88344574.319992,3347635.266277,2114897.86907453,71046.348425768,59921.60420635331
2022,2022,COD,COD,COD,119.381225122,96.149852,2.6280721097875848,0.36655922562027243,True,6247538.706369299,6247538.706369299,1391201.2905086002,3735761.8567323186,27722.292500516003,105845.69905792309
2022,2022,COS,COS,CRI,110.285666315,0.0,2.374939040125693,0.4040503559025897,True,8197723.9382264,8197723.938226399,194431.19240649,0.0,5847.7585972036,0.0
2022,2022,CRS,CRS,HRV,123.043733951,4.052597,1.9013472126239157,0.49966342356403276,True,17634551.199075997,17634551.199075997,139722.94331926,169987.54026241894,7626.5146761056,4816.273285136712
2022,2022,CUB,CUB,CUB,136.035787276,11.302134,1.8915303523938678,0.5021264169024467,True,19763707.712787,19763707.71278699,428284.96279015,474562.3915792925,9866.4618400493,13445.82176532171
2022,2022,CZE,CZE,CZE,445.951038765,10.740409,1.5953097744652547,0.5898626994676688,True,97688847.631585,97688847.63158497,487710.98900795,465273.1554507845,24465.159245441002,13182.628946977537
2022,2022,DEN,DEN,DNK,406.882222572,5.947882,2.4179354224516754,0.39715077324195835,True,28494204.137515,28494204.137515005,290774.86803322,236269.81154196415,17154.468315928,6694.255235749326
2022,2022,DJI,DJI,DJI,6.642630202,1.020434,1.9689566154005778,0.48333541291120147,True,866842.24580597,866842.24580597,44821.270289431,42498.63242018384,802.50408184373,1204.117829249091
2022,2022,DOM,DOM,DOM,227.276819225,11.08823,1.911614286507836,0.4971131924778685,True,32112835.724704,32112835.724703986,425767.49320861,464596.67926016246,11345.316120559,13163.462282174372
2022,2022,ECU,ECU,ECU,196.711739685,18.181827,1.5774830353839564,0.5961312149849024,True,44169334.1444,44169334.14439999,763567.5826430101,789115.191541631,14684.201272672,22358.076421661925
2022,2022,EGY,EGY,EGY,1450.484152484,106.74911800000001,1.742773218096054,0.5426603719763173,True,258993554.0496,258993554.04959995,1956944.5817806,4553065.6724221585,72748.685073395,129002.44647170714
2022,2022,ELS,ELS,SLV,58.393132054,6.560298,1.8930423939797998,0.5017454736640867,True,8465774.1591673,8465774.1591673,134596.1140257,275414.7822275018,3624.2202055841003,7803.353445354372
2022,2022,EQG,EQG,GNQ,29.94753487,1.511571,1.7785263081748928,0.5323321774351744,True,5088754.989991601,5088754.989991599,126763.00194181,64229.153550722716,183.24936996057002,1819.8107690465824
2022,2022,ERI,ERI,ERI,6.271101487,3.681556,2.0319533017121345,0.4690534258873857,True,749921.90188835,749921.9018883497,158761.50275516,152313.6673623742,4780.230388889499,4315.5177488075215
2022,2022,EST,EST,EST,53.574270266,1.320755,1.4174122109181708,0.6590167080538452,True,15018241.250752,15018241.250751998,65187.011451424,58297.453649080206,6423.6828313611995,1651.7473467061816
2022,2022,ESW,ESW,SWZ,10.815238479,1.188663,2.1643000995873583,0.4416375727679551,True,1076533.6183638999,1076533.6183638996,52188.298109751995,48496.49493362512,1852.7215983742,1374.0558432165572
2022,2022,ETH,ETH,ETH,312.818084961,121.73815400000001,2.546330619010014,0.3778817328479151,True,18334879.42444,18334879.424440004,4362147.1611334,4770869.759636689,146407.77739288,135173.51056867282
2022,2022,FIN,FIN,FIN,283.313801103,5.556939,1.9659919395334728,0.48402899394942106,True,37123818.137425,37123818.13742499,344962.42918588,231505.50360994297,24466.547734249,6559.267642071958
2022,2022,EUA,EUA,FRA;MCO;AND,3273.372276209,68.676947,2.205636984105492,0.43371962147283377,True,307680244.4811,307680244.48109996,2438068.6484422,2789787.443762874,120005.69491893999,79043.3152680632
2022,2022,LWG,LWG,GAB,35.142219517,2.347945,1.827006518183922,0.5189396042844914,True,5583308.8781444,5583308.878144399,430164.59286121,99259.76305166238,1762.4413442239,2812.3363885183066
2022,2022,GAM,GAM,GMB,6.105024565,2.581165,2.3123600095972474,0.41453182610457623,True,494923.37304873,494923.37304873,38947.10806143,103679.41173947217,818.3828926267,2937.558718766318
2022,2022,GEO,GEO,GEO,58.224271755,3.965244,1.5563118906116509,0.6037510239878282,True,13462971.845237,13462971.845236998,155303.3032172,172481.10991040402,5503.1608518766,4886.923833180868
2022,2022,DEU,DEU,DEU,4649.629703461,83.868087,1.9103810896062694,0.49741812891597026,True,658088558.8551099,658088558.8551098,2031832.1139709998,3514528.266114485,120477.80160548,99577.4665120398
2022,2022,GHA,GHA,GHA,193.866715413,32.603382,2.013384849161287,0.4731745854981679,True,23787827.645926997,23787827.645926997,615616.49749345,1351511.5527454899,12750.790184435,38292.50647425723
2022,2022,GRE,GRE,GRC;CYP,391.933193811,11.140449,1.8261945413520808,0.519158360452032,True,62339508.2984034,62339508.29840338,437979.871141368,471004.61614390323,14677.8543515431,13345.018972613914
2022,2022,GTM,GTM,GTM,155.874281909,18.688544,2.0199883508121013,0.47170070515572937,True,18951792.488022998,18951792.488022994,633664.87412326,774159.4467449505,16808.587624311,21934.33386963501
2022,2022,GIN,GIN,GIN,39.324071806,13.982341,1.9565353444163793,0.4862547112137226,True,5220797.2012312,5220797.201231199,653715.51348984,583093.6207149778,15996.469940431,16520.847491809123
2022,2022,GNB,GNB,GNB,4.705973776,2.078481,2.3872842887603727,0.4020449148168687,True,343867.50712368,343867.50712368,80331.64861849301,82831.29833223416,2024.3655047766001,2346.8671216423627
2022,2022,GUS,GUS,QAT;BHR,315.833275381,0.0,0.995379538947208,0.912925579166031,True,158931390.58522502,158931390.58522502,1548060.9706490403,0.0,3769.08697125038,0.0
2022,2022,GUY,GUY,GUY,27.538747557,0.795197,1.9510544599532647,0.48755409450355897,True,3684023.1397523996,3684023.1397523987,128798.14381672,33180.576320083295,1410.0533380819,940.1084518850889
2022,2022,HTI,HTI,HTI,33.224408954,11.723285,2.146581811227586,0.44512066954444723,True,3389348.5514734,3389348.5514733996,301612.83588572004,479194.33398083237,5302.4239000057005,13577.059033726142
2022,2022,HON,HON,HND,62.211232262,10.270478,1.7785532095759,0.5323245542913095,True,10570683.496514,10570683.496514002,326560.35737862997,436408.37167952,6783.768054702,12364.80025939152
2022,2022,HUN,HUN,HUN,353.640758478,9.597877,1.9470304329720634,0.48851252228239217,True,47573289.639531,47573289.63953099,384294.16323136,400653.09459815774,18445.024434307,11351.742563846423
2022,2022,ISL,ISL,ISL,27.371478,0.345984,2.0394350422804792,0.4674131161907463,True,3239410.6136892,3239410.613689199,18528.983683585,14302.80223989723,1022.4528565945,405.2426679288798
2022,2022,IND,IND,IND,10443.494440949,1410.7280250000001,1.447731097686872,0.6461070669798703,True,2807080475.1892,2807080475.1892,29141116.002331,62070222.20396971,1008339.0057059999,1758641.5600930394
2022,2022,IDN,IDN,IDN,3501.429427548,279.963464,1.638238027275816,0.5752952037110878,True,722699577.11868,722699577.1186801,13009284.629841,12073251.4428613,236829.84320134,342072.5913159565
2022,2022,IRN,IRN,IRN,1435.835573245,86.332889,0.9291054494443055,0.9717177190539397,True,792058913.5555699,792058913.5555699,5120460.7670445,4011874.0345567875,110982.53762864,113668.81187962742
2022,2022,IRQ,IRQ,IRQ,468.325919732,42.475419,1.0375726781888397,0.879064713115409,True,222278364.54617,222278364.54617003,5587473.8812325,1951396.3927015625,24610.72907435,55289.10119160365
2022,2022,IRL,IRL,IRL,566.22286121,5.031376,2.493967810600305,0.38550979542362807,True,35686105.678062,35686105.67806201,670599.66460355,198268.45092524117,32248.223166054,5617.559039930363
2022,2022,ISR,ISR,ISR,493.701635,8.964143,1.9778581065432457,0.4812648163274316,True,63636359.506736,63636359.50673599,342791.72670856,372985.1150745726,9755.745473295001,10567.823045819177
2022,2022,ITA,ITA,ITA;MLT;SMR,2623.269642672,60.710044999999994,1.9893143120919632,0.4786259272778982,True,332802340.32082945,332802340.3208294,1709454.8547466176,2523010.582432439,51204.120563991564,71484.70086412
2022,2022,IVO,IVO,CIV,172.250002881,0.0,2.11296065751847,0.45188331595617337,True,18410270.024182,18410270.024182,454640.31605961,0.0,10748.318987603,0.0
2022,2022,JAM,JAM,JAM,27.067479358,2.988631,1.4243506456545112,0.6560170409942848,True,7515074.1930854,7515074.193085399,29653.438806887,131820.2508888145,1238.8369630057,3734.875813931503
2022,2022,JPN,JPN,JPN,5319.860546876,126.33700100000001,1.670153910213398,0.5649226286088573,True,1050503236.9554001,1050503236.9553998,1835565.7699317,5429915.357237164,64989.083285254,153846.31270764154
2022,2022,JOR,JOR,JOR,117.440309269,10.305281,1.665588814993728,0.5663832889672856,True,23337954.801103998,23337954.801104005,213007.1722045,443130.07068733923,4204.162523655999,12555.246802191736
2022,2022,KAZ,KAZ,KAZ,540.126931168,19.270456,1.0657746544900695,0.8577987144843338,True,246527600.42168,246527600.42168,2158966.9608866,882692.3567757468,39873.260790914006,25009.407221084846
2022,2022,KEN,KEN,KEN,260.353421965,56.602375,2.2833473453965905,0.41957795280301424,True,21972587.515210003,21972587.515210003,2358404.7795984,2280546.6365750786,62202.478824203,64614.94662661007
2022,2022,KOS,KOS,XKX,21.527297548,1.768942,0.6807351940095303,1.2808440142994157,False,0.0,16756221.17738513,0.0,84381.92087898028,0.0,2390.8010590103304
2022,2022,KUW,KUW,KWT,225.286986053,4.395432,1.0672417315741067,0.8567205686275715,True,102617765.33381,102617765.33381,1379535.8962682998,201303.72456347072,3817.3678017014,5703.557739095708
2022,2022,KGZ,KGZ,KGZ,34.223159016,6.75941,1.3522182657807664,0.6886017230077759,True,10501070.48387,10501070.48387,343371.27605845,300413.346725544,6701.321955095999,8511.64017138629
2022,2022,LAO,LAO,LAO,60.83064897,7.51278,1.1699350351100908,0.7874418551759302,True,24031527.049817998,24031527.049817998,412556.4462089,340370.5122450056,10612.174801959,9643.750375134645
2022,2022,LVA,LVA,LVA,63.3333709,1.843485,2.096354551416302,0.45529989652861735,True,6926780.0340663,6926780.034066299,76474.579096171,75753.06910430342,8726.1505483378,2146.3189739138347
2022,2022,LEB,LEB,LBN,62.405755405,6.654038,1.7901270662369106,0.5290649596330678,True,10434959.174134,10434959.174133996,143308.57965243998,282395.7150059762,2669.1060458169,8001.144883446818
2022,2022,LES,LES,LSO,5.911382329,2.180787,1.795511232039425,0.5275621600638454,True,981100.6600386001,981100.6600386004,52761.361387847996,92499.56908098893,1626.5674625683998,2620.7991642427282
2022,2022,CAB,CAB,TTO;BRB;LCA,53.038264355,2.332559,0.9235557305265527,0.9769863722863094,True,29483792.36980795,29483792.369807947,178251.6628739243,108457.00146097434,1155.807583408131,3072.9226266591704
2022,2022,LBR,LBR,LBR,7.764638842,5.344396,2.0800617461119706,0.4587026040814895,True,868618.94831019,868618.9483101899,106545.07464019,219990.92851696364,1675.4877466244,6233.024081370953
2022,2022,LBY,LBY,LBY,88.281278,7.066241,0.8008742297287371,1.110032862524118,True,58173376.979776,58173376.979776,869000.76679637,332833.47435852286,5276.7727998875,9430.202757669911
2022,2022,LTU,LTU,LTU,121.127245231,2.653472,2.1005830761567084,0.4544250161854774,True,13170273.909648,13170273.909647997,125219.16684571,108988.74384468184,18880.271924409,3087.98853462673
2022,2022,MDG,MDG,MDG,46.913856193,29.415172,2.2098492609141216,0.4329286836684098,True,4383987.4381809,4383987.438180897,854127.35502821,1194369.7177438906,19219.702200835,33840.19178856207
2022,2022,MAL,MAL,MWI,31.496187477,20.349127,1.745544270397528,0.541845576960666,True,5602290.362631,5602290.362630997,305344.58589309995,867678.0377904479,15045.347294340001,24584.0050809528
2022,2022,MYS,MYS,MYS,998.696211058,33.308047,1.4251202555848648,0.6556860000633277,True,276984527.07517004,276984527.07517,904518.55555359,1469006.7466063283,28463.246717141,41621.509073214314
2022,2022,MLD,MLD,MDV,9.730833023,0.539616,1.721520164434944,0.5489920010356905,True,1789458.3753425,1789458.3753424997,5732.3869600438,23067.308498294307,148.84576829362,653.5682645259365
2022,2022,MLI,MLI,MLI,58.918975685,21.669157,1.9875793666097679,0.47902370371862873,True,7492783.212422101,7492783.212422101,958726.53934654,900699.4971313411,36074.081555672994,25519.605256202427
2022,2022,MRT,MRT,MRT,26.038686673,4.942138,1.6865482364166176,0.5597385951390584,True,5026270.4695121,5026270.469512099,321666.00053519,212044.59230121083,8785.1661168855,6007.879775079078
2022,2022,MRS,MRS,MUS,27.936608138,1.275079,1.8931041112140643,0.5017299369227971,True,4049873.2104359,4049873.2104358994,19844.213939636,53530.08683065516,604.50417535554,1516.6730853068946
2022,2022,PCS,PCS,FJI;SLB;VUT,13.541637298,0.0,1.8781132776243057,0.5055322216940933,True,2004307.30537401,2004307.3053740095,45152.5933715797,0.0,1119.64351602786,0.0
2022,2022,MEX,MEX,MEX,2479.172957713,131.965947,1.7262103479022683,0.5475820466950481,True,452954558.41589,452954558.4158899,5311089.3182889,5638445.320032471,140163.49453922999,159754.61214777193
2022,2022,MCS,MCS,FSM;KIR,1.37378267,0.0,2.5886169679125355,0.37193843970136375,True,75935.58095934203,75935.58095934201,2338.9637477792403,0.0,80.38763280941299,0.0
2022,2022,MOL,MOL,MDA,28.342441861,4.009886,1.3869186692579731,0.6725317400843697,True,8288177.018030799,8288177.018030798,77709.192395172,177563.89219797094,3493.6959142926003,5030.934791325116
2022,2022,MNG,MNG,MNG,40.76283908,3.393295,0.8539532059198025,1.0482694473842658,True,24955332.480731,24955332.480731,1293030.3769421,158939.34158740472,46848.424404004,4503.243612225338
2022,2022,MAR,MAR,MAR,282.611262172,38.537085,1.483120440496724,0.6316638800306548,True,72325589.279055,72325589.27905501,1094398.9565705,1689271.828579516,22635.500856585,47862.30077075996
2022,2022,MOZ,MOZ,MOZ,40.981290025,33.382972,1.4555044544184528,0.642878261877986,True,10897192.470131,10897192.470131,660973.9517435699,1467605.447232653,19184.477146076,41581.80592363351
2022,2022,MMR,MMR,MMR,219.904168384,55.359846,1.9125461079922084,0.49688302594847755,True,31031013.779246002,31031013.779246,2719326.8516589003,2319349.04150286,50190.69412296,65714.33888773833
2022,2022,MNE,MNE,MNE,13.331725859,0.627887,1.1098779134295227,0.8265296761764975,False,0.0,5724048.216601559,0.0,28627.327828488127,0.0,811.1008255802153
2022,2022,SWA,SWA,NAM,26.037249527,2.648453,1.9312955991180676,0.49229664084054153,True,3579886.7602075003,3579886.7602075,225577.88437495,110740.27006407487,7583.6757551458995,3137.6146950244647
2022,2022,HYS,HYS,NPL,118.848371408,30.407421,1.9908653883519782,0.47827086601122654,True,15045368.601742001,15045368.601741996,976892.24565008,1263476.3905695612,21265.437164252,35798.197779125505
2022,2022,NET,NET,NLD,1099.778654074,17.566765,2.0232394787474774,0.47097843178288634,True,133114001.46487,133114001.46486998,630413.88920011,727441.3405002265,30741.828109777,20610.665283741677
2022,2022,NZL,NZL,NZL,245.165136,0.0,1.966002756760409,0.4840264596587701,True,32124553.776681002,32124553.776681,1281310.8681599998,0.0,39688.586786618005,0.0
2022,2022,NIC,NIC,NIC,40.710814361,6.802629,1.975971342849389,0.48170221782900097,True,5261220.4076581,5261220.407658099,377685.93891017005,283103.894848581,9936.0173370789,8021.209810862935
2022,2022,NER,NER,NER,31.589120625,26.388198,2.147645642366681,0.44490998988036207,True,3217777.5331511996,3217777.533151199,980237.4503160401,1078508.0898129053,38142.947583031004,30557.47316980327
2022,2022,NGA,NGA,NGA,1140.428829301,218.431826,2.071833326358255,0.4604404895456719,True,129041745.39931001,129041745.39931001,5724417.794174801,8999089.4902334,106539.22896570999,254972.06580821256
2022,2022,PRK,PRK,PRK,175.951330296,0.0,1.2784358498125068,0.725459948053454,True,59803620.063201,59803620.06320101,699022.8183317999,0.0,6220.9385098167995,0.0
2022,2022,MKD,MKD,MKD,31.759906809,2.08086,1.4763851646723878,0.634362732161226,True,8204210.138902101,8204210.138902101,52527.303996445,91279.17997705091,1525.5115362842998,2586.221762689092
2022,2022,NOR,NOR,NOR,557.347395,5.525579,2.3389646596508458,0.4100100409585913,True,43547068.907107,43547068.907106996,309038.3266151,221328.42182677818,14454.299884261,6270.919407623481
2022,2022,OMN,OMN,OMN,129.017476993,5.354087,0.7353152115861098,1.1971528665223086,True,93105357.18029201,93105357.18029201,1083144.9901723,253935.71870097233,4419.1987467997,7194.785077973574
2022,2022,PAK,PAK,PAK,1364.683947957,230.827901,1.767774449025467,0.5353965520417958,True,235372548.35103002,235372548.35102996,8356829.977956,9819376.852897424,216158.21298204,278213.3463446274
2022,2022,PAL,PAL,PSE,26.697015809,5.384358,0.2770850651149903,2.6519215225218606,False,0.0,36363935.80623138,0.0,268003.0637845218,0.0,7593.3565157042785
2022,2022,PAN,PAN,PAN,137.497966872,4.467252,2.2934277387074937,0.4178108174429461,True,11443139.376933001,11443139.376933,169055.45745226,179797.4392421047,3867.0482568366,5094.218093990421
2022,2022,PNG,PNG,PNG,37.791845332,9.34637,1.8864271373962442,0.5034164008204063,True,5529499.0554791,5529499.055479098,115135.43700569,392653.3851402832,5820.3682344710005,11125.086028365424
2022,2022,PRY,PRY,PRY,87.263971559,7.332478,2.223193856255426,0.43044190966130635,True,8005139.3542707,8005139.354270698,944521.79344922,297308.6500072363,22810.914382655,8423.674501433346
2022,2022,PER,PER,PER,447.999623331,33.779525,1.9066133406280819,0.49835211385916234,True,63739996.192026004,63739996.19202603,902363.17870614,1416107.5706632545,28253.551838368,40122.71164660845
2022,2022,PHL,PHL,PHL,1015.50171885,112.965184,1.8714479112418192,0.5072414007479903,True,151700406.76207,151700406.76207,2448292.4828933002,4753312.880550948,57376.907748098,134676.0698293075
2022,2022,POL,POL,POL,1411.034882292,37.723292,1.5979656339859163,0.5889400703903142,True,307961601.92597,307961601.9259701,1597931.675809,1633711.010771969,98102.85511605401,46288.090789877046
2022,2022,PLS,PLS,WSM;TON,2.020831579,0.0,1.516397467595589,0.618659717085249,True,493853.19675824,493853.19675824,8448.8139714892,0.0,244.08897725821,0.0
2022,2022,PRT,PRT,PRT,379.665513515,10.132498,2.129333688650839,0.44856452180794243,True,39668385.38511299,39668385.385112986,402900.6216737,414923.5726847607,11441.529352758,11756.069388439164
2022,2022,RTK,RTK,COM,2.57698216,0.913269,1.7919848865411454,0.5285454482821804,True,429792.66800869,429792.66800869,14882.034939767,38751.32287674416,237.51874646394,1097.9449484759202
2022,2022,COR,COR,COG,20.471200301,0.0,1.1461661339029354,0.8024612231019677,True,8358195.606491599,8358195.606491598,502995.32600554,0.0,2777.6303756437,0.0
2022,2022,ROM,ROM,ROU,628.168275533,19.003504,2.026626869014688,0.47022823541363484,True,75675454.829925,75675454.82992497,656533.3574254201,786656.0280727356,38401.156638897,22288.400707190493
2022,2022,RUS,RUS,RUS,3773.94357834,148.189354,0.9967575195249757,0.9117785674568404,True,1895472880.5241,1895472880.5241003,14518603.254266,6837422.711555016,314030.33860449,193725.35359951816
2022,2022,RWB,RWB,BDI;RWA,43.073912896,26.444435,2.3909856622627768,0.40144751338777834,True,3131320.4483485697,3131320.448348569,349301.46560606,1053448.5672945008,9881.4564800854,29847.459314332737
2022,2022,STP,STP,STP,0.924378744,0.0,1.8553147200688036,0.5114266208586676,True,141211.21239272,141211.21239271996,2677.9251195466,0.0,69.400477368994,0.0
2022,2022,SAU,SAU,SAU,1575.00386998,36.000288999999995,1.1720066142103154,0.7861594341007558,True,620430770.847,620430770.847,4068959.056276,1630656.3791633905,37870.804411772,46201.54361948079
2022,2022,SEG,SEG,SEN,63.134483396,17.798049,1.5590126571532918,0.602768155919862,True,14543786.145525001,14543786.145525,426376.47760553,773963.4277063702,14041.226183379002,21928.78004341084
2022,2022,SER,SER,SRB,142.309437831,6.87032,1.0834236186348862,0.8450059507461319,False,0.0,63383714.142254174,0.0,314113.62003991526,0.0,8899.811329467724
2022,2022,SYC,SYC,SYC,3.502185,0.099613,1.5278332873030631,0.6143135220294977,True,842406.6442264,842406.6442263998,2569.5322281188,4346.010294510003,86.573745807493,123.13592658652779
2022,2022,SLE,SLE,SLE,14.184098977,8.358303,2.1367442659094356,0.44707837871371986,True,1466842.6011563,1466842.6011563,176095.38799613,342003.54166310624,3175.0797145808,9690.019154293981
2022,2022,SGP,SGP,SGP,585.661871459,5.957872,2.1888331126481657,0.43690385047034125,True,56346650.11785,56346650.11785001,160027.97055891,242448.8933941941,2020.1695761556002,6869.3277546270365
2022,2022,SLO,SLO,SVK,186.234074772,5.459991,1.7441769861518945,0.542247304629164,True,33188678.505213,33188678.505212992,189396.16493393,232845.21258091205,12228.429474487999,6597.225744864525
2022,2022,SLV,SLV,SVN,91.753887238,2.077864,1.8883458713221954,0.5029306090167438,True,13389272.157495,13389272.157495001,104918.33786802,87276.17382427711,2607.0138168285002,2472.8042053547165
2022,2022,SOM,SOM,SOM,19.026916427,12.637569,2.756870420681161,0.35003337664911344,True,832907.9832045899,832907.9832045902,933907.13401132,484396.07533064415,18153.979356524,13724.4404703927
2022,2022,SOL,SOL,,5.937513767,4.357044,0.18355359765051393,3.52667011910927,False,0,9207131.540232418,0,219016.85677951705,0,6205.42561339131
2022,2022,ZAF,ZAF,ZAF,800.160322222,64.346678,0.9491042130407707,0.9531941513241616,True,429328118.80155003,429328118.80155,3210146.1445266,2983884.7975299386,71396.18416551901,84542.69421207815
2022,2022,KOR,KOR,KOR,2759.610612975,0.0,1.5846098143799496,0.5936092687243827,True,613546709.16588,613546709.1658798,1656778.0507305,0.0,53064.736140764,0.0
2022,2022,SSD,SSD,SSD,11.222243803,0.0,0.11580775911986103,4.6337536892943385,False,0.0,19115535.84898834,0.0,0.0,0.0,0.0
2022,2022,ESP,ESP,ESP,1990.839348656,46.710038999999995,2.0301909304303445,0.46944148795055585,True,238654417.52229,238654417.52229,1564673.7213283,1932850.8193372588,73651.899856523,54763.647682398514
2022,2022,LKA,LKA,LKA,314.779282,0.0,2.4599419537842433,0.3906338573504553,True,20797134.702055,20797134.70205499,385481.68328606,0.0,7749.674846942,0.0
2022,2022,SDN,SDN,SDN,178.632257,46.333400999999995,2.0291926441659314,0.4696615887435258,True,21443426.097579,21443426.09757899,3068808.2241775002,1917467.292842748,112147.50798483,54327.78475048994
2022,2022,SUR,SUR,SUR,9.784230722,0.598366,1.38651170459959,0.6727158601616003,True,2862816.1337358,2862816.1337358,32918.242155823005,26497.698869098098,601.28432138393,750.7618439788015
2022,2022,SCA,SCA,SWE,607.859198327,10.237037,2.5045448611447925,0.38394424105272024,True,37752588.23386,37752588.23386,290677.12943454,402955.54213822447,22464.336697029998,11416.978030872611
2022,2022,SWI,SWI,CHE,814.034308,8.829838,2.7806176456549956,0.3471477728078069,True,34480540.812593,34480540.81259298,205218.16963484,337600.5909895666,7772.885682157,9565.269930486123
2022,2022,SYR,SYR,SYR,50.278950097,19.767125,0.8450006070797752,1.0582003783999494,True,31165574.561363,31165574.561362993,220419.34421771,926750.757062533,13514.860282845999,26257.71810292671
2022,2022,TWN,TWN,TWN,1571.60799378,23.898689,1.7195601383544141,0.5495833739820145,True,289798319.55132,289798319.5513201,560787.03229259,1021823.4592356227,15431.837853172,28951.42209390823
2022,2022,TJK,TJK,TJK,40.713315933,10.022632,1.5451631510179509,0.6078424497784589,True,9560609.0102343,9560609.0102343,358617.76882387,436479.1919044027,7887.1368982821,12366.8068156169
2022,2022,TZA,TZA,TZA,184.177567498,63.869366,2.0693349424910017,0.46097077054026564,True,20912355.394952,20912355.394952,1787555.8520943,2632022.3890187936,68474.968308287,74573.34283761894
2022,2022,THA,THA,THA,1328.563071205,70.11625599999999,1.6121548577987974,0.5840593188431756,True,284313991.56034,284313991.5603399,2852416.6492125,3032041.25039634,71266.654599259,85907.11561078388
2022,2022,TLS,TLS,TLS,4.000333734,0.0,1.7628870889563188,0.5368011866786029,True,694644.23330049,694644.2333004898,36054.052424444,0.0,829.1823046651,0.0
2022,2022,TGO,TGO,TGO,20.684152653,8.744506,1.9947382539516054,0.47738661291622303,True,2604447.6598322,2604447.6598321996,193258.92244685,363199.80897868593,4787.9308536933,10290.575029501339
2022,2022,TUN,TUN,TUN,131.697757875,12.081067,1.5585224082668334,0.6029463304297507,True,30358785.195927,30358785.195926994,300112.71663730004,525382.698307744,8943.305005886501,14885.718391044034
2022,2022,TUR,TUR,TUR,2871.316753141,85.703367,1.845878445676198,0.5139067150993069,True,444407663.6473,444407663.6473,2821476.293519,3615927.1058993535,123209.35754235,102450.40956684138
2022,2022,TKM,TKM,TKM,120.214431071,6.228007,0.6237636608475141,1.381666494320837,True,101261290.26672,101261290.26672001,939890.14407385,298876.50799763884,22389.741412753,8468.096772279823
2022,2022,UGA,UGA,UGA,110.377317605,48.839366,2.397297905793109,0.4004328028627458,True,7954129.8207306,7954129.820730598,1271756.4992254,1944286.3602530137,38125.486073075,55087.65196017448
2022,2022,UKR,UKR,UKR,493.077499118,43.108669000000006,1.5233382429949283,0.6160145640104434,True,119344984.08073,119344984.08072999,2107418.4184964,1881676.7852246498,63271.326279509,53313.728864767836
2022,2022,UAE,UAE,ARE,694.739756888,10.109201,1.4158188971665422,0.6597094163882365,True,195184009.479,195184009.47900003,1253708.5334529,446289.9016401157,8052.622406203101,12644.774595698906
2022,2022,GBR,GBR,GBR;JEY;IMN,3302.589305196,68.58601500000002,2.172554392036498,0.44003347224788436,True,324994856.28165996,324994856.28166,2161974.9066552,2795821.7633525603,99627.656117247,79214.28622386923
2022,2022,USA,USA,USA;PRI,26181.9927,0.0,1.7192870571562966,0.5496658683226641,True,4829684289.416661,4829684289.41666,28713029.308890816,0.0,828589.1770941794,0.0
2022,2022,URY,URY,URY,80.823988468,3.499367,2.160022246984072,0.44247352048612276,True,8092958.220836,8092958.220835999,933452.7794649,142835.72470116775,25227.719518664,4046.978290169811
2022,2022,UZB,UZB,UZB,290.362041493,34.521553,1.0857544830845698,0.8433449034058415,True,128908187.53029001,128908187.53029,2220986.9241473996,1577950.852957952,53291.848613709,44708.232889468156
2022,2022,VEN,VEN,VEN,134.901565859,29.470896,0.7760692858963021,1.1414622291853378,True,92004002.025826,92004002.025826,1811358.4352693,1391768.1864634273,33849.475418949,39433.101539200936
2022,2022,VNM,VNM,VNM,1130.202656097,99.19477900000001,1.3580507989483475,0.6858471602781417,True,343999860.95366,343999860.95366,4126626.6850006003,4405876.970344537,90200.287558879,124832.13485594973
2022,2022,YEM,YEM,YEM,30.788393,31.363725000000002,1.2434852322335472,0.7443327072062398,True,10984095.723969,10984095.723969,457475.01150985,1409981.523532186,15433.8294295,39949.14176557302
2022,2022,ZMB,ZMB,ZMB,68.333976727,19.64368,1.846231790555165,0.5138134136195303,True,10571202.575595,10571202.575594999,622930.92512719,828759.3959895718,32168.76224042,23481.319469348568
2022,2022,ZWE,ZWE,ZWE,48.570383,15.405796,1.5356395724789598,0.6113816373887369,True,11557246.494706,11557246.494706,416769.00627584,671586.0672639859,15600.212693545,19028.112468950512
2026,2024,2026_AFG,AFG,AFG,55.5151872,45.047069,1.6008231339090124,0.5879506105386124,True,12068415.17213,12068415.17213,576666.07295986,1950300.0751331197,14260.946824589,55258.039120767375
2026,2024,2026_SBK,SBK,ALB,48.294048,2.751025,2.254224356654159,0.42476835190899453,True,4243706.1926643,4243706.192664299,67499.075368752,111181.22006581302,2743.7279334964,3150.1081737239847
2026,2024,2026_DZA,DZA,DZA,670.1557104,48.028334,1.423208316480688,0.6565090205852211,True,186358382.16755998,186358382.16756,1923642.0074631998,2118652.0091311396,25647.80460625,60027.970616711376
2026,2024,2026_AGO,AGO,AGO,307.889860344,40.215180000000004,2.2268768205969836,0.4297606092201477,True,28100363.831408,28100363.831408,1174002.4220292,1629964.966356179,25859.648742714002,46181.95375408693
2026,2024,2026_ARG,ARG,ARG,1140.8696079986998,46.003732,1.8190378425438365,0.5210944661072555,True,183271991.43651,183271991.43651006,4853049.4264539005,1946448.8969960732,140875.01203823998,55148.92332116744
2026,2024,2026_ARM,ARM,ARM,56.8794864,2.930915,1.9620897087957099,0.4849449544966763,True,7493590.3651149,7493590.365114899,87106.324235009,122153.9374650314,1692.8542886032,3460.9992284073255
2026,2024,2026_AUS,AUS,AUS,1826.03279664,27.227093,1.6258893646710233,0.5794114156272194,True,383403110.84884,383403110.8488399,5060616.5790982,1175680.2041641364,191725.35546947,33310.6600074244
2026,2024,2026_ALP,ALP,AUT;LIE,550.84965936,9.107266,2.123388876688568,0.44976387643414073,True,58030403.747189,58030403.747189,291448.54042782,373174.2108568687,12117.072757776,10573.180714758904
2026,2024,2026_AZE,AZE,AZE,208.31976,10.454855,1.710710673859905,0.5522693461944932,True,38887498.623476,38887498.62347599,521869.87331014994,447429.62351385975,9556.1765981832,12677.066444881057
2026,2024,2026_BGD,BGD,BGD,1364.37958032747,177.818045,2.228807820735003,0.429404260453053,True,124190732.73335999,124190732.73336002,2511031.4798347,7205692.527544177,87848.54174518,204159.57762401237
2026,2024,2026_BAH,BAH,BHS,14.82694629,0.404629,2.172473809064122,0.44004907603834265,True,1459224.6163565,1459224.6163564995,12109.413790016999,16494.327146861688,169.50414078102997,467.33535335058986
2026,2024,2026_BLR,BLR,BLR,238.7071896,8.937018,1.5692284090245812,0.5990791880808889,True,54215797.812272996,54215797.812273,652232.6769358,388215.8178320334,55820.420389185994,10999.356008125555
2026,2024,2026_BGM,BGM,BEL;LUX,771.81809097,0.0,2.0203491007464334,0.4716204513907482,True,93793682.5472793,93793682.54727928,435637.942781773,0.0,28951.034265714537,0.0
2026,2024,2026_BEL,BEL,BLZ,5.108071283609999,0.428645,2.3575747071106194,0.40690522941445145,True,388942.62163546,388942.6216354599,18647.205699526003,17135.848267758673,464.65448660063004,485.51163280999793
2026,2024,2026_BEN,BEN,BEN,53.21608689215999,15.17042,1.9582805457351444,0.48584241933008,True,7048075.764377699,7048075.764377697,268790.41386961,632522.7481896656,8028.169268118999,17921.327702278915
2026,2024,2026_BHU,BHU,BTN,10.7995536,0.802214,1.881076750293539,0.5047760011578696,True,1591896.2070765998,1591896.2070765998,36855.592169932,33721.07673204553,680.42646455792,955.4225019073459
2026,2024,2026_BOL,BOL,BOL,110.3214288,12.749291,1.477970900437579,0.6337252478627426,True,28435621.579985,28435621.579985,940935.02396492,559168.0423377819,33091.179613438,15842.96178447055
2026,2024,2026_BSM,BSM,BIH,60.218268,0.0,1.2805547583316093,0.7243464947442526,True,20407390.229725998,20407390.229725998,184627.03187851,0.0,4320.9788875644,0.0
2026,2024,2026_BWA,BWA,BWA,40.5469416,2.603388,1.777295086439481,0.5326813068565698,True,6901600.7604521,6901600.760452099,117524.53527069,110636.61600744666,5261.5687368683,3134.677854694498
2026,2024,2026_BRA,BRA,BRA,3807.623556,213.562666,1.976859585735003,0.4814962007391072,True,491468780.65337,491468780.65336996,22106340.783757,8886970.694847113,638238.6235239999,251795.39322299213
2026,2024,2026_BRU,BRU,BRN,33.5585448,0.469775,1.4205345401589227,0.6576634555736447,True,9366689.049323801,9366689.049323801,60319.43738656,20728.809177754403,1614.900289837,587.3113389451579
2026,2024,2026_BUL,BUL,BGR,202.65352400655,6.66766,1.7837167118372277,0.5308653863481836,True,34188471.741050005,34188471.74105,261558.89982671,283165.0138756523,14394.555000188999,8022.941502120087
2026,2024,2026_BKF,BKF,BFA,55.750992,0.0,2.0529462099372995,0.4644797883868743,True,6475686.531172301,6475686.531172302,744466.10813775,0.0,23739.323515903,0.0
2026,2024,2026_CPV,CPV,CPV,4.8225144,0.52963,1.9171125672603755,0.49575815263408485,True,676218.04087769,676218.0408776901,6105.851831039199,22178.637620984824,246.07652302076,628.3894673090506
2026,2024,2026_KHM,KHM,KHM,114.87597683595,18.05122,1.7815174406550587,0.5314859051489023,True,19439220.149309,19439220.149309,950107.22362788,766784.5257669212,11858.55325519,21725.379526089346
2026,2024,2026_CMR,CMR,CMR,132.4288944,30.640817,2.3427490188252236,0.4093748446088513,True,10292889.135121,10292889.135120997,760907.80476382,1226836.1745235752,18037.313109802,34760.067023003656
2026,2024,2026_CAN,CAN,CAN,2181.38621934,40.467727999999994,1.4580860797256379,0.641813063483687,True,577972624.06243,577972624.06243,4582363.6104376,1778586.5771975894,154318.19586265998,50392.864111307514
2026,2024,2026_CAF,CAF,CAF,5.6133792,0.0,2.528152897756032,0.38049536648108234,True,337407.44796998,337407.44796998,292999.83910655,0.0,16523.84027204,0.0
2026,2024,2026_TCD,TCD,TCD,43.3735368,21.56038,2.453145150594011,0.39167377529136616,True,2892772.5302393,2892772.5302392994,2675402.5004711,853279.2666817155,84977.353497502,24176.043317856933
2026,2024,2026_CHL,CHL,CHL,543.725292,19.94585,1.9023086579660076,0.49942350097802785,True,77822575.007273,77822575.007273,829749.07882186,836550.6218687454,22100.958735942,23702.069019594433
2026,2024,2026_CHN,CHN,CHN,31401.71487662502,1412.9140880000002,1.1292779122986385,0.8134856975751645,True,13124727993.147001,13124727993.147003,51294274.496576,64287624.771442674,1598556.6175009,1821467.4397523773
2026,2024,2026_COL,COL,COL,910.654404,53.936226000000005,2.1298502081880586,0.4484606169185617,True,95079303.138962,95079303.13896205,3352079.5091904,2208556.4406227893,70395.599296808,62575.24149868417
2026,2024,2026_COD,COD,COD,153.701856,116.45216199999999,2.81474098101428,0.3430836587242881,True,6209636.4807472,6209636.480747201,1463912.4662049,4436460.51071795,28231.304601139,125698.66123922449
2026,2024,2026_COS,COS,CRI,129.4124304,0.0,2.4747563255752767,0.38838626788364927,True,8376338.455684699,8376338.455684697,227996.57918788,0.0,6602.5973338514,0.0
2026,2024,2026_CRS,CRS,HRV,151.7939808,3.822345,2.0112901270603705,0.47364404691852463,True,18679585.272005998,18679585.272005998,139168.05525403,158483.0580086988,8336.0442437844,4490.315685818642
2026,2024,2026_CUB,CUB,CUB,148.32519431787,10.892659,1.9100085165414058,0.4975103298172519,True,21004154.817643,21004154.817643,418910.39603105,456479.47997715685,9567.1518942933,12933.476896207156
2026,2024,2026_CZE,CZE,CZE,495.5897232,10.527781,1.836123599762563,0.5164959510449825,True,77749164.214782,77749164.214782,462795.85204371,444636.3681027082,21415.493791564,12597.92487136029
2026,2024,2026_DEN,DEN,DNK,446.22523435662,6.135676,2.5626007483993605,0.3755726428760138,True,25570824.857088,25570824.857087985,286958.33767856,240042.85685725807,16472.058034512,6801.1572906152705
2026,2024,2026_DJI,DJI,DJI,7.61158885422,1.19946,2.044388113384504,0.46633349334402546,True,894666.19403479,894666.1940347897,46229.092093665,49559.195513681945,820.64926001886,1404.165440696029
2026,2024,2026_DOM,DOM,DOM,257.3043792,11.6095,1.9552295816467309,0.4865636466748209,True,34222494.979725,34222494.97972501,433950.62839684,484207.67045604606,11830.687706028,13719.10237700706
2026,2024,2026_ECU,ECU,ECU,229.77339074247,18.444507,1.6300967269289144,0.5780023650903581,True,47963813.709031,47963813.709031,753105.9409496499,796090.5417023312,14453.00517146,22555.70968690943
2026,2024,2026_EGY,EGY,EGY,1823.2817592,120.101175,1.822142011675714,0.5202529230023981,True,291638582.74771,291638582.74770993,2005690.0153196,5079899.94734182,73108.824738878,143929.29252214616
2026,2024,2026_ELS,ELS,SLV,67.58868862515,6.391254,1.9121062125334434,0.49699165668839107,True,9543361.3033412,9543361.3033412,135357.98291162003,267779.5724164109,3583.5032217926,7587.024313332096
2026,2024,2026_EQG,EQG,GNQ,25.2670968,1.984468,1.6940448438441427,0.5573996678128046,True,4826904.6047401,4826904.604740101,101446.90563589,85077.24293275543,187.08545915531,2410.5016854620912
2026,2024,2026_ERI,ERI,ERI,4.903668,3.682669,1.8280306249025449,0.5186639605636691,True,777977.34855799,777977.3485579899,160441.11195773,155668.6431994676,4814.7728359318,4410.5746010422645
2026,2024,2026_EST,EST,EST,52.240716,1.331062,1.6472590086643994,0.572324993055493,True,10648547.484172001,10648547.484172001,58097.264813349,57346.69513338585,6329.6923783669,1624.8094144748782
2026,2024,2026_ESW,ESW,SWZ,12.4961232,1.269859,2.2568074251665076,0.4243028044301712,True,1094137.3287260998,1094137.3287260996,48559.246114869,51306.71452314518,1718.0587477907,1453.6780644304115
2026,2024,2026_ETH,ETH,ETH,370.8627648,138.902185,2.629686712726016,0.36634240674503804,True,19364846.904886,19364846.904886,4657625.8135818,5395923.2119733235,157376.65384851,152883.20999501928
2026,2024,2026_FIN,FIN,FIN,293.77191603,5.621739,2.11968235839773,0.45051491093610646,True,31107444.084856,31107444.084855992,384122.94674158,230443.19158028692,23068.687183312002,6529.169053428265
2026,2024,2026_EUA,EUA,FRA;MCO;AND,3475.5303016764,69.6368,2.3313075618597114,0.4113013160848717,True,274450524.11126995,274450524.11127,2384365.3940064,2791570.3075756887,113768.99404610999,79093.82931950154
2026,2024,2026_LWG,LWG,GAB,43.97987538735,2.6474,2.0403343260012394,0.467216727710146,True,5198527.2345876,5198527.234587601,498860.68123487,109431.7977897759,1806.8227425665,3100.5416245551846
2026,2024,2026_GAM,GAM,GMB,7.92012925341,2.88408,2.5039675676603683,0.3840293605878076,True,492292.9005296,492292.9005295999,40631.794928484,113531.5530291516,812.49604239776,3216.7003830413787
2026,2024,2026_GEO,GEO,GEO,86.9591448,3.804642,1.8454327832122888,0.5140244415686288,True,13467407.776928,13467407.776928,151615.20089160002,160529.9139383393,5314.3070453458995,4548.309451227757
2026,2024,2026_DEU,DEU,DEU,4743.98644434,83.644258,2.0160676308378602,0.47257468779674516,True,579935607.33102,579935607.33102,1959735.5233684,3466334.6266782293,113380.52408037,98211.9915026831
2026,2024,2026_GHA,GHA,GHA,225.9423408,35.697557,2.11230261773179,0.4520177266821079,True,24171005.865677997,24171005.865677997,628493.6981909199,1464432.5615440349,13264.350246582999,41491.9082490434
2026,2024,2026_GRE,GRE,GRC;CYP,357.9868722624,11.27945,1.7902442366988378,0.5290321645135239,True,59849794.970005706,59849794.97000568,445861.923167718,478691.13841584173,14432.785354965701,13562.801945511785
2026,2024,2026_GTM,GTM,GTM,216.5369448,18.967978,2.2050704597760578,0.43382621809189814,True,20369356.005976,20369356.005976003,649128.60836263,770561.1245126365,17154.771450647,21832.3822606403
2026,2024,2026_GIN,GIN,GIN,57.4598112,15.441993,2.2322357370278687,0.4287731227694718,True,5205403.0457427995,5205403.045742798,674698.20175435,625527.4805205377,16177.289593026,17723.13011235444
2026,2024,2026_GNB,GNB,GNB,5.068272,2.297808,2.4443741565522425,0.3930239573550186,True,342160.62171671004,342160.62171670987,81718.43069176801,91022.73020515991,2046.2117401625003,2578.955746700912
2026,2024,2026_GUS,GUS,QAT;BHR,375.48767696565005,0.0,1.0580132262780422,0.8635479952280762,True,173236041.100941,173236041.10094097,1584264.4624069599,0.0,4012.82671176361,0.0
2026,2024,2026_GUY,GUY,GUY,57.6450864,0.84089,2.4637297871597412,0.3900567076173273,True,3788603.4972510003,3788603.497251,153650.51377718002,33242.19123092174,1820.2684071978,941.8541930645847
2026,2024,2026_HTI,HTI,HTI,33.1333323,12.037506,2.1185900850393256,0.4507367119069562,True,3513797.9374137,3513797.9374137,307253.13598252,493491.5253153078,5357.8187827774,13982.142727333452
2026,2024,2026_HON,HON,HND,65.8293504,11.18476,1.7104612894860236,0.5523454192626744,True,12292755.850366,12292755.850365998,335738.66400114005,478679.4699092063,7164.064713914,13562.471340593924
2026,2024,2026_HUN,HUN,HUN,355.5591864,9.585818,2.0301273362281815,0.4694555029610112,True,42626870.83258,42626870.832580015,377146.60783796,396661.63239407196,18355.613068720002,11238.652082317636
2026,2024,2026_ISL,ISL,ISL,28.64703288,0.402329,2.0604620675000254,0.4628639470431194,True,3292970.7091873,3292970.709187299,17167.998877106,16595.269607220325,998.18737167053,470.1953657633276
2026,2024,2026_IND,IND,IND,13561.97619881541,1476.6255769999998,1.5521955067874766,0.6052552472705828,True,3153829129.9712,3153829129.9712,30514511.007231,64258467.46427197,1069808.0190813001,1820641.3229712534
2026,2024,2026_IDN,IDN,IDN,3842.45436965304,287.70794300000006,1.6210569036328286,0.5810383130791245,True,812204159.22001,812204159.2200099,14666314.803408,12429707.368775418,242073.37889070003,352172.09125964966
2026,2024,2026_IRN,IRN,IRN,1438.4797152,93.168497,0.8975594976922723,1.0024464729305607,True,828989584.95779,828989584.9577899,5958811.9269255,4343937.493675705,113277.71340393,123077.19772164614
2026,2024,2026_IRQ,IRQ,IRQ,528.9545712,48.007436999999996,1.0740620944157109,0.8517437065350998,True,238670396.74755,238670396.74755004,5481099.208111,2197084.107777053,26163.441656141,62250.19479162659
2026,2024,2026_IRL,IRL,IRL,678.06153438,5.35695,2.6899161520448427,0.3584337110873599,True,32569283.80339,32569283.803390004,643729.12349824,206784.6647265955,31386.620617902,5858.849742523365
2026,2024,2026_ISR,ISR,ISR,530.18746821,9.647689,2.1003622013489136,0.4544706318745879,True,57665412.793538004,57665412.79353801,351156.51173241995,396278.5268205964,9480.407268779001,11227.797515353088
2026,2024,2026_ITA,ITA,ITA;MLT;SMR,2849.84880593595,59.475177,2.121436670466961,0.4501591304827939,True,301036857.71275467,301036857.71275455,1601301.7583850827,2437522.7229456566,48944.670612093265,69062.56514044225
2026,2024,2026_IVO,IVO,CIV,204.2865792,0.0,2.2204748459103953,0.43094627884564224,True,18810951.57285,18810951.572850004,474632.77286565,0.0,11561.159074107,0.0
2026,2024,2026_JAM,JAM,JAM,26.5479362301,2.833404,1.3586178286639683,0.6855805409398823,True,8074047.9318935005,8074047.931893497,29687.085737748,125842.1438671563,1256.3767755739,3565.4975342078683
2026,2024,2026_JPN,JPN,JPN,5137.45280395368,123.30108899999999,1.7008144075596319,0.555304308873865,True,972266972.90758,972266972.9075801,1808442.1717621002,5282341.337807972,62365.359525438995,149665.08385839866
2026,2024,2026_JOR,JOR,JOR,100.81190250174001,11.589533,1.5309654215519974,0.6131337836999744,True,24143975.291239,24143975.291239005,221795.13339724,505472.2856240661,4331.9384586636,14321.594758474206
2026,2024,2026_KAZ,KAZ,KAZ,692.4821376,21.083626000000002,1.2099592607112444,0.763382518825088,True,258803716.72435,258803716.72435,1976024.7831752,951185.3493780734,39500.021110623005,26950.025751010024
2026,2024,2026_KEN,KEN,KEN,307.74670604871,58.636410999999995,2.41502943944907,0.39760965987700525,True,21638682.043111,21638682.043110996,2300054.2211775,2329948.0706888316,60786.747215447,66014.64219842789
2026,2024,2026_KOS,KOS,XKX,24.6171024,1.666992,0.8453085376162299,1.057855673790575,False,0.0,15252480.451029243,0.0,78151.77862122512,0.0,2214.281840764655
2026,2024,2026_KUW,KUW,KWT,199.4410968,5.102773,0.891346417701825,1.0087291204604705,True,115931280.54802,115931280.54802,1317130.077872,238070.1917787073,4111.9387424091,6745.2655817072
2026,2024,2026_KGZ,KGZ,KGZ,48.581148,7.400465,1.5883683642515813,0.5922878094457066,True,10744958.074607,10744958.074607,349688.55580436,320821.75243478036,6671.0970581814,9089.873488121666
2026,2024,2026_LAO,LAO,LAO,60.36678682926,7.974018,1.10588348310168,0.8292675154882108,True,26062727.033672,26062727.033671997,435895.88391146995,363713.40427829494,11968.835786714999,10305.126774394286
2026,2024,2026_LVA,LVA,LVA,63.7369656,1.835935,2.1134964455793988,0.45177393530362897,True,6807219.0752314,6807219.0752313975,73336.518331703,75306.68940258355,8799.6298272817,2133.671655003862
2026,2024,2026_LEB,LEB,LBN,48.3614208,5.897467,1.567906420507126,0.5995540203604172,True,11004120.086785,11004120.086785002,148425.93999924,256216.21096212766,2598.5839410018,7259.398483976199
2026,2024,2026_LES,LES,LSO,5.673096,2.389336,1.7516657302181027,0.5400542785237012,True,1000558.0122872,1000558.0122872,56317.312912664,101814.57358444815,1717.5446956662,2884.7220804263525
2026,2024,2026_CAB,CAB,TTO;BRB;LCA,68.52974511912001,2.400215,1.1504680597005799,0.7997005539185434,True,27813671.574866757,27813671.574866753,173381.0354397564,108966.28942128287,1164.015127961047,3087.352331294517
2026,2024,2026_LBR,LBR,LBR,8.7408552,5.853949,2.1667416781289712,0.4411618710895308,True,867112.4972694999,867112.4972694996,109264.38088957,238774.9818979215,1733.3362532656001,6765.234467765316
2026,2024,2026_LBY,LBY,LBY,94.9244472,7.5398510000000005,0.7848795435468255,1.1300973192257806,True,63953379.828507,63953379.828507,926658.475025,355740.4036015723,5558.8259988699,10079.226981371836
2026,2024,2026_LTU,LTU,LTU,126.6623952,2.797338,2.1438703456388564,0.4456585479386458,True,12969974.740674,12969974.740673997,114882.45764613,114375.06820615618,17882.728439434002,3240.599779469745
2026,2024,2026_MDG,MDG,MDG,49.1836752,33.522052,2.196383022467448,0.4354674242999353,True,4682703.1775142,4682703.177514199,899717.40506424,1363057.47315852,17795.647731102003,38619.63814491818
2026,2024,2026_MAL,MAL,MWI,32.7462432,22.785535,1.8858711902384926,0.5035573328801377,True,4794947.8280441,4794947.8280441,329085.05694046,957306.5825644151,16814.708980062,27123.459238087707
2026,2024,2026_MYS,MYS,MYS,1131.6632495025,36.385114,1.4674993908269278,0.6379587806234834,True,295954220.48653,295954220.4865298,915543.18790181,1597567.4327451552,28102.694994012003,45264.03132639481
2026,2024,2026_MLD,MLD,MDV,11.506968,0.531517,1.8059382590186703,0.5246759674759245,True,1882381.8575956,1882381.8575955997,6068.5821412132,22519.902446324704,154.30802834532,638.0585563428937
2026,2024,2026_MLI,MLI,MLI,55.6882128,25.932274999999997,1.9547061055006445,0.4866876081805103,True,7412128.4183394,7412128.418339401,1047974.7031792001,1081639.9526241207,40072.114917367995,30646.208539272608
2026,2024,2026_MRT,MRT,MRT,30.669936,5.461319,1.8067363271780084,0.5244563633399755,True,5011632.3959272,5011632.395927199,330629.96227915,231371.77189344337,8962.0916935426,6555.47860851951
2026,2024,2026_MRS,MRS,MUS,31.6590912,1.265059,1.9226264641657094,0.4944066626817715,True,4405467.1503921,4405467.1503921,20060.23645985,52944.48967710962,654.31127521391,1500.0813049792337
2026,2024,2026_PCS,PCS,FJI;SLB;VUT,14.460659563379998,0.0,1.8896674771243571,0.5025965451499906,True,2106322.72198232,2106322.72198232,48092.0453416408,0.0,1207.2985680204501,0.0
2026,2024,2026_MEX,MEX,MEX,2631.313608,132.997658,1.7333868175771334,0.5454386332511788,True,475992111.16603,475992111.16603,5353404.687972,5678231.709430939,140305.80995413,160881.8837353016
2026,2024,2026_MCS,MCS,FSM;KIR,1.54866988101,0.0,2.6385440991653724,0.3651575303478847,True,79877.96835700759,79877.96835700756,2615.5626909861,0.0,88.254400678785,0.0
2026,2024,2026_MOL,MOL,MDA,35.49703201314,2.961254,1.5562901268693132,0.603758957309116,True,8208088.258706999,8208088.258707,78296.933560098,128809.61369375716,3675.4160298111,3649.575141473927
2026,2024,2026_MNG,MNG,MNG,56.1024024,3.556798,1.0101878020951427,0.9007485022919575,True,27657810.403456997,27657810.403457005,2196266.08198,163877.78695964615,46045.513378646,4643.165058701447
2026,2024,2026_MAR,MAR,MAR,325.2812376,38.762441,1.6077091950217726,0.5855797948006308,True,70040885.056099,70040885.05609901,1105769.0325814001,1676991.7576839365,21408.310363779,47514.36834404998
2026,2024,2026_MOZ,MOZ,MOZ,47.4312168,36.639851,1.6148343737997,0.5831466964265578,True,10112699.277307,10112699.277306998,642969.5360693,1583971.9204867263,16317.670429851,44878.82837336111
2026,2024,2026_MMR,MMR,MMR,250.2700464,55.184819000000005,1.9981789669162917,0.47660376725142134,True,31362831.033077,31362831.03307699,2594279.9415813,2291250.19757769,49521.557014471,64918.211647288204
2026,2024,2026_MNE,MNE,MNE,16.3141704,0.626233,1.6051364365971108,0.586463334274687,False,0.0,3525385.0682491707,0.0,27100.261547881095,0.0,767.8343101605159
2026,2024,2026_SWA,SWA,NAM,28.8845568,3.153246,1.9922014780153425,0.47796543999605506,True,3649815.3996758,3649815.3996757995,276660.51821704,131003.91101180635,9090.3565552443,3711.746377884858
2026,2024,2026_HYS,HYS,NPL,138.297984,29.62941,2.060710238646757,0.46281078421061006,True,15891857.297275001,15891857.297274997,735377.50604497,1222122.169951203,18799.075391003,34626.50467924082
2026,2024,2026_NET,NET,NLD,1271.69794621011,18.818741,2.210130002197108,0.4328760714976752,True,118790884.38303,118790884.38302995,605607.48861215,764091.0463432253,29831.656125069,21649.064915192655
2026,2024,2026_NZL,NZL,NZL,242.41372281,0.0,1.9648553116602956,0.4842954343352641,True,31814596.898527,31814596.898526996,1226812.7683928001,0.0,37877.570933806,0.0
2026,2024,2026_NIC,NIC,NIC,48.852936,7.097329,2.0447463216776236,0.46625560789762704,True,5739323.601537599,5739323.601537596,376502.40387635,293235.8234889629,9830.567172226001,8308.278716985411
2026,2024,2026_NER,NER,NER,46.728396,28.814878,2.4308731363025338,0.395120555691284,True,3214248.2045271,3214248.204527101,972827.27471684,1143064.3463250434,37822.199151831,32386.551778434576
2026,2024,2026_NGA,NGA,NGA,1213.4438448,242.431832,2.100739980033992,0.4543926175161112,True,131910140.99776,131910140.99776,6074684.044516,9957483.644459097,109297.19226278,282126.33931850997
2026,2024,2026_PRK,PRK,PRK,144.62263415079002,0.0,1.0632660760889567,0.8596485538047517,True,66239386.070842,66239386.070841976,692339.2871889999,0.0,6378.9628284135,0.0
2026,2024,2026_MKD,MKD,MKD,40.840932,1.804063,1.7422887508245122,0.5428030755506986,True,7297318.2938059,7297318.2938059,47938.963494853,76950.86156028436,1394.5141204083,2180.25614247321
2026,2024,2026_NOR,NOR,NOR,521.48341401,5.652989,2.3522833325812558,0.4077832225640123,True,39999523.053890996,39999523.05389099,304926.12493096,226114.34017286083,13937.193925943999,6406.519291235535
2026,2024,2026_OMN,OMN,OMN,176.97606479571,5.671459,0.9225972536582535,0.9779020982332841,True,98511205.83363,98511205.83363,1052610.3727707,263732.47467331466,4556.2080433134,7472.357504739414
2026,2024,2026_PAK,PAK,PAK,1279.60928866536,259.299792,1.8245726665276847,0.5195958653014648,True,203988261.10517,203988261.10516995,8931236.8973615,10964752.927404193,224347.04825168,310665.3965393986
2026,2024,2026_PAL,PAL,PSE,23.09462544978,5.69279,0.8952551477170994,1.0047674732391834,False,0.0,13351916.645087628,0.0,265488.11424676253,0.0,7522.100209192178
2026,2024,2026_PAN,PAN,PAN,153.23484,4.625718,2.3157032350693942,0.4139581325564908,True,12365032.0177,12365032.017700003,172020.29647644,185738.9270252668,3944.2225243175,5262.558837316867
2026,2024,2026_PNG,PNG,PNG,36.8268912,10.947848,1.8758779863778063,0.5061041253023963,True,5467691.0912185,5467691.0912184995,128034.74989288,460445.08127738495,5861.681298415,13045.83465826611
2026,2024,2026_PRY,PRY,PRY,104.45998047786,7.09528,2.3511238819664997,0.40797611551061835,True,8025319.1429509,8025319.1429509,942143.48689877,283839.32018067385,23579.725024094,8042.046687346375
2026,2024,2026_PER,PER,PER,492.3206112,34.922148,1.9146976278509626,0.4963523985813592,True,69265213.388658,69265213.38865802,916409.04922878,1462762.2307081553,28691.033810673,41444.58260523582
2026,2024,2026_PHL,PHL,PHL,1131.33553198998,117.72447199999999,1.8499600964983973,0.5128310070527753,True,174114308.86732,174114308.86732,2443950.0237898002,4964800.109507821,60466.107170228,140668.15777528367
2026,2024,2026_POL,POL,POL,1546.34352713784,37.843189,1.7428985413771123,0.5426234692511865,True,276061914.63563997,276061914.6356399,1505856.3043419002,1614067.1970867275,91223.132964482,45731.52073230473
2026,2024,2026_PLS,PLS,WSM;TON,2.15937455205,0.0,1.527637886698813,0.6143872713777923,True,519551.16359033994,519551.16359033994,8268.012058815,0.0,238.98968520325298,0.0
2026,2024,2026_PRT,PRT,PRT,410.4350976,10.395362,2.2644684200829013,0.42292804230599057,True,35557289.680514,35557289.680514,404806.65376304,419669.85350361065,10905.019271139001,11890.546218189713
2026,2024,2026_RTK,RTK,COM,2.798268,0.89901,1.8242776216829055,0.5196755336817954,True,446266.95815706,446266.95815706,15306.465662042,38016.725299278965,242.43845221143002,1077.1315248437534
2026,2024,2026_COR,COR,COG,32.739347867970004,0.0,1.476420752323027,0.6343484114418003,True,8456801.8498073,8456801.849807298,502667.79289478,0.0,3013.4531804006997,0.0
2026,2024,2026_ROM,ROM,ROU,709.5266904,18.800605,2.1616709874673004,0.44215096074599053,True,70883167.57308,70883167.57308002,644980.98385113,767262.077469954,36929.873990531,21738.910044302844
2026,2024,2026_RUS,RUS,RUS,5378.106217938691,145.81131299999998,1.2102550148871731,0.763210206133888,True,2009154096.5653,2009154096.5653005,14264325.698792,6578055.547073821,330307.84238469,186376.67884721566
2026,2024,2026_RWB,RWB,BDI;RWA,55.1936352,29.61885,2.5363404583774676,0.3793136796206696,True,3280121.11663672,3280121.1166367196,367465.58080418,1161973.3455955733,10391.1119202561,32922.30226870423
2026,2024,2026_STP,STP,STP,1.1897424,0.0,2.004847006013902,0.47509391283206415,True,147721.85881893,147721.85881893,2749.8791707087,0.0,70.953901616906,0.0
2026,2024,2026_SAU,SAU,SAU,2058.330912,35.165787,1.3287003669075885,0.6999368259171743,True,652511034.89422,652511034.8942199,3874499.3159812,1566775.944300313,38696.270913208995,44391.613130463804
2026,2024,2026_SEG,SEG,SEN,80.717208,19.366548,1.7533738066956253,0.5395565624092298,True,14202340.090675,14202340.090674996,438814.23724549,825100.3652332699,14125.680332578,23377.647799919945
2026,2024,2026_SER,SER,SRB,165.5387976,6.641964,1.2165450121654502,0.7595638514137867,False,0.0,61305115.1549116,0.0,299443.5884686375,0.0,8484.163917664582
2026,2024,2026_SYC,SYC,SYC,3.2675808,0.134959,1.4477877533064145,0.6460834167112256,True,878215.80554977,878215.8055497702,2651.9400699386997,5937.987312917209,90.442551351747,168.24156416719782
2026,2024,2026_SLE,SLE,SLE,24.885828,8.996745,2.5447609382193446,0.37810600782438825,True,1461784.4659099001,1461784.4659099001,195545.86053394998,352637.1677566785,3368.7658007283,9991.302702485467
2026,2024,2026_SGP,SGP,SGP,729.3442464,5.905748,2.3155215856639346,0.4139892625820349,True,58868050.145779,58868050.14577898,168618.01547214,237141.1942400241,1913.4955795030999,6718.944205325081
2026,2024,2026_SLO,SLO,SVK,196.774512,5.451342,1.8593429530891343,0.5103751736894159,True,29892541.267476,29892541.267476004,179106.70050705,229672.55920835776,12475.363746049,6507.334652507738
2026,2024,2026_SLV,SLV,SVN,94.51557210288,2.114574,1.9128637782948734,0.49680460783447294,True,13331364.822064001,13331364.822063997,103115.01004857,88588.95727139547,2521.4705407506003,2509.999424697058
2026,2024,2026_SOM,SOM,SOM,20.47487537022,14.011076,2.782325089031422,0.34694212800820484,True,865216.2023477,865216.2023477003,950285.82016341,535604.0138723106,18291.018034393,15175.31990546431
2026,2024,2026_SOL,SOL,,7.242576,6.294831,0.18653236336504384,3.490007160992123,False,0,11184572.364675904,0,316324.89331605803,0,8962.463547327821
2026,2024,2026_ZAF,ZAF,ZAF,744.2790225432,69.112279,0.8788950610564699,1.0215599605955237,True,440167751.74881,440167751.74881,3234379.7221089997,3228670.5320624686,71904.650622332,91478.2319108505
2026,2024,2026_KOR,KOR,KOR,2575.0335864,0.0,1.5653406787957542,0.6004777357165879,True,588008898.0891,588008898.0891001,1588581.3701324,0.0,49597.11939538299,0.0
2026,2024,2026_SSD,SSD,SSD,8.7171216,0.0,0.19972039145196727,3.336442993269807,False,0.0,13217808.11207387,0.0,0.0,0.0,0.0
2026,2024,2026_ESP,ESP,ESP,2165.507256,47.850792999999996,2.1492896029719164,0.44458481410251977,True,220083943.49621,220083943.49620992,1525652.2581874002,1955363.8817867604,71221.16747323799,55401.51244045525
2026,2024,2026_LKA,LKA,LKA,262.2976224,0.0,2.2453289420244005,0.42637942255419287,True,23334668.000666,23334668.000666004,397073.91850226995,0.0,8151.4071485412,0.0
2026,2024,2026_SDN,SDN,SDN,90.16701049215,53.282717999999996,1.5218948245889858,0.6165627911497997,True,21867829.623024,21867829.623023998,3012611.3418322997,2326123.830799102,112739.46603755,65906.28964277336
2026,2024,2026_SUR,SUR,SUR,11.287223307780001,0.645257,1.565616452072244,0.600378315641557,True,2576452.1751383,2576452.1751383,32862.327753235,28040.037673462153,595.75751120813,794.4610772791998
2026,2024,2026_SCA,SCA,SWE,661.61824641,10.701047,2.5652630937626926,0.37519748138194015,True,37774192.880593,37774192.880592994,289610.19516653,418534.0711518026,21799.304949952,11858.36598786049
2026,2024,2026_SWI,SWI,CHE,835.72116306,9.048166,2.8154130341077157,0.34300457201120305,True,33732136.475896,33732136.47589599,209118.29480310003,344682.21291477233,7854.5130558936,9765.914203832004
2026,2024,2026_SYR,SYR,SYR,104.4117624,26.472497,1.365579866773317,0.6823237836922819,True,31449838.479995,31449838.479995,226356.24231089,1174881.182790329,14744.770101863001,33288.02125819031
2026,2024,2026_TWN,TWN,TWN,1523.74911458256,23.011293,1.7207972981800594,0.5492099537930606,True,280491855.58118004,280491855.5811801,554045.19677349,983753.3048066192,14930.683951801999,27872.776756406543
2026,2024,2026_TJK,TJK,TJK,47.9694336,10.978599,1.6478534004825631,0.5721303627203007,True,9769851.9419372,9769851.941937199,365995.07888779,472965.9046408834,7853.598673844,13400.58834774499
2026,2024,2026_TZA,TZA,TZA,224.7740321028,72.563781,2.19854687298902,0.43505747555176216,True,21336295.650476,21336295.65047599,2116344.1263291,2949880.7806745716,81031.64077805,83579.25514051433
2026,2024,2026_THA,THA,THA,1419.2470776,71.559614,1.6610665644706408,0.5678377070889368,True,283809078.05481,283809078.0548099,2880289.8611065997,3078550.6257291962,69010.316516711,87224.87020372773
2026,2024,2026_TLS,TLS,TLS,5.3385288,0.0,1.9660783514352655,0.4840087498643597,True,699446.4502306799,699446.4502306797,35996.524423049996,0.0,860.72702018962,0.0
2026,2024,2026_TGO,TGO,TGO,25.30078065264,9.930919,2.1336842570930625,0.4476908483481946,True,2627592.3684054,2627592.3684053994,210330.33736941998,406482.5913667906,5195.4722358311,11516.910255014927
2026,2024,2026_TUN,TUN,TUN,140.65984866999,12.415139,1.563988323693007,0.6009657554451039,True,32179948.512855,32179948.512854993,293549.95595903,539600.0155426324,9257.753420360901,15288.539004125438
2026,2024,2026_TUR,TUR,TUR,2883.8360168018703,87.926083,1.8240986227908191,0.5197238790959398,True,460027459.74900997,460027459.7490101,2783808.7613113998,3718228.7018987667,120646.25754566,105348.93050007093
2026,2024,2026_TKM,TKM,TKM,142.4827536,7.736632,0.9037723054615144,0.9962418713477257,True,81408011.926322,81408011.926322,934881.87304004,360480.79750155966,22425.08857525,10213.537016485518
2026,2024,2026_UGA,UGA,UGA,143.25064768473,52.76147,2.5585768537895577,0.3761410916425424,True,8254862.268385201,8254862.268385201,1341985.6188573001,2065034.8198911834,40942.218062548,58508.82965048604
2026,2024,2026_UKR,UKR,UKR,528.3091704,39.535849,1.5783825472514388,0.5958117245902163,True,118477849.36989999,118477849.36989999,2069664.0555497,1715745.2018022102,58624.66651667,48612.37339386565
2026,2024,2026_UAE,UAE,ARE,693.0417912,11.574682,1.3944579291306327,0.6691389436313724,True,200558970.10112,200558970.10112,1259030.0050996,512137.6694239671,8322.6847171518,14510.445717086166
2026,2024,2026_GBR,GBR,GBR;JEY;IMN,3747.5702294338503,69.931528,2.3399223930399486,0.40984910128804536,True,292419358.66076,292419358.66076,2095034.2941103,2800841.8630358465,96692.442918186,79356.52118977325
2026,2024,2026_USA,USA,USA;PRI,28299.564419028,0.0,1.8031118003059285,0.5254552043864413,True,4647594957.25213,4647594957.25213,29178620.460375555,0.0,816014.8351133527,0.0
2026,2024,2026_URY,URY,URY,99.6880104,3.382537,2.2595531944512364,0.42380905094727944,True,8695335.5778412,8695335.577841194,1017682.3473012,136626.7129891648,27243.567206731,3871.0577657039826
2026,2024,2026_UZB,UZB,UZB,359.7125664,37.724222999999995,1.1380023266697885,0.8077529245764731,True,148538808.08808,148538808.08808,2250217.262856,1714875.9942673373,54299.074342528,48587.74605339713
2026,2024,2026_VEN,VEN,VEN,171.4821504,28.633711,0.9153912649310301,0.9848420353191875,True,96411415.596537,96411415.596537,1863561.5113695,1332527.4932529547,33621.187844207,37754.62929551698
2026,2024,2026_VNM,VNM,VNM,1383.47748,102.177431,1.3415723092472285,0.6936870204743235,True,430819226.80526,430819226.80526006,4104072.2949846005,4546241.950680298,98455.05789971,128809.10930899628
2026,2024,2026_YEM,YEM,YEM,26.90594103,42.961653,1.173269996006995,0.7853793799712737,True,10580331.084598,10580331.084598,417784.34056077997,1945716.8522185648,15914.763800746,55128.18222626134
2026,2024,2026_ZMB,ZMB,ZMB,75.14746466355,22.521916,1.8494685930117656,0.512960302917773,True,11573195.339438,11573195.339437999,632331.5834026,949867.0897705524,32715.314975675,26912.675375089668
2026,2024,2026_ZWE,ZWE,ZWE,71.8676376,17.27358,1.7414862554306134,0.5430396219634883,True,12855357.688285999,12855357.688286,454613.65174602997,736853.011803655,16709.812452749,20877.327069642062
