dataName,alien,appearanceIndex,modelResource,prefabAssetPath,imageFile,mainHullX_m,mainHullY_m,mainHullLength_m,mainHullEllipticalEnvelope_m3,templateStoredVolume_m3,runtimeCylinder_m3,noseHardpoints,hullHardpoints,utilitySlots,weaponSlots,countedSlots,includedMeshCount,excludedMachineryMeshCount,separationNote
Gunship,false,0,ships/Gunship,assets/artresources/ships/earth/gunship/gunship.prefab,gunship-appearance-0.png,14.216000,30.194000,32.687000,11019.664214,9719,9719.302272,1,0,2,1,3,3,2,drive subtree; radiator/reactor-bay mesh
Gunship,false,1,ships/Gunship_1,assets/artresources/ships/earth_alt/gunship/gunship_1.prefab,gunship-appearance-1.png,15.864000,15.014000,34.610000,6474.448755,9719,9719.302272,1,0,2,1,3,3,2,drive subtree; radiator/reactor-bay mesh
Gunship,false,2,ships_prm/Gunship_2,assets/artresources/ships/earth_prm/gunship/gunship_2.prefab,gunship-appearance-2.png,10.867000,10.867000,37.222000,3452.257356,9719,9719.302272,1,0,2,1,3,2,2,drive subtree; radiator/reactor-bay mesh
Gunship,false,3,ships_prm/Gunship_3,assets/artresources/ships/dlca/gunship/gunship_3.prefab,gunship-appearance-3.png,13.036000,12.109000,28.836000,3574.852162,9719,9719.302272,1,0,2,1,3,2,2,drive subtree; radiator/reactor-bay mesh
Escort,false,0,ships/Escort,assets/artresources/ships/earth/escort/escort.prefab,escort-appearance-0.png,14.940000,14.516000,39.344000,6701.582165,10956,10956.304379,0,2,2,2,4,3,2,drive subtree; radiator/reactor-bay mesh
Escort,false,1,ships/Escort_1,assets/artresources/ships/earth_alt/escort/escort_1.prefab,escort-appearance-1.png,15.809000,13.797000,40.547000,6946.026661,10956,10956.304379,0,2,2,2,4,3,2,drive subtree; radiator/reactor-bay mesh
Escort,false,2,ships_prm/Escort_2,assets/artresources/ships/earth_prm/escort/escort_2.prefab,escort-appearance-2.png,13.240000,13.771000,40.325000,5774.458438,10956,10956.304379,0,2,2,2,4,2,2,drive subtree; radiator/reactor-bay mesh
Escort,false,3,ships_prm/Escort_3,assets/artresources/ships/dlca/escort/escort_3.prefab,escort-appearance-3.png,22.716000,11.209000,28.129000,5625.382378,10956,10956.304379,0,2,2,2,4,2,2,drive subtree; radiator/reactor-bay mesh
Corvette,false,0,ships/Corvette,assets/artresources/ships/earth/corvette/corvette.prefab,corvette-appearance-0.png,16.797000,9.008000,42.671000,5070.771061,14754,14753.704499,1,1,3,2,5,3,2,drive subtree; radiator/reactor-bay mesh
Corvette,false,1,ships/Corvette_1,assets/artresources/ships/earth_alt/corvette/corvette_1.prefab,corvette-appearance-1.png,14.252000,16.328000,57.156000,10445.991443,14754,14753.704499,1,1,3,2,5,6,2,drive subtree; radiator/reactor-bay mesh
Corvette,false,2,ships_prm/Corvette_2,assets/artresources/ships/earth_prm/corvette/corvette_2.prefab,corvette-appearance-2.png,19.208000,15.665000,58.775000,13890.245741,14754,14753.704499,1,1,3,2,5,3,2,drive subtree; radiator/reactor-bay mesh
Corvette,false,3,ships_prm/Corvette_3,assets/artresources/ships/dlca/corvette/corvette_3.prefab,corvette-appearance-3.png,19.372000,15.810000,45.748000,11004.382981,14754,14753.704499,1,1,3,2,5,3,2,drive subtree; radiator/reactor-bay mesh
Frigate,false,0,ships/Frigate,assets/artresources/ships/earth/frigate/frigate.prefab,frigate-appearance-0.png,17.760000,15.056000,65.200000,13692.464509,25447,25446.900494,1,2,5,3,8,4,2,drive subtree; radiator/reactor-bay mesh
Frigate,false,1,ships/Frigate_1,assets/artresources/ships/earth_alt/frigate/frigate_1.prefab,frigate-appearance-1.png,15.518000,13.272000,86.076000,13923.559050,25447,25446.900494,1,2,5,3,8,7,2,drive subtree; radiator/reactor-bay mesh
Frigate,false,2,ships_prm/Frigate_2,assets/artresources/ships/earth_prm/frigate/frigate_2.prefab,frigate-appearance-2.png,18.294000,16.899000,76.025000,18459.201811,25447,25446.900494,1,2,5,3,8,4,2,drive subtree; radiator/reactor-bay mesh
Frigate,false,3,ships_prm/Frigate_3,assets/artresources/ships/dlca/frigate/frigate_3.prefab,frigate-appearance-3.png,20.978000,16.215000,83.591000,22332.808913,25447,25446.900494,1,2,5,3,8,4,2,drive subtree; radiator/reactor-bay mesh
Monitor,false,0,ships/Monitor,assets/artresources/ships/earth/monitor/monitor.prefab,monitor-appearance-0.png,16.567000,18.409000,71.642000,17160.430191,22698,22698.006922,0,4,3,4,7,5,2,drive subtree; radiator/reactor-bay mesh
Monitor,false,1,ships/Monitor_1,assets/artresources/ships/earth_alt/monitor/monitor_1.prefab,monitor-appearance-1.png,20.717000,15.652000,119.350000,30394.781800,22698,22698.006922,0,4,3,4,7,9,2,drive subtree; radiator/reactor-bay mesh
Monitor,false,2,ships_prm/Monitor_2,assets/artresources/ships/earth_prm/monitor/monitor_2.prefab,monitor-appearance-2.png,27.719000,21.209000,97.618000,45073.216601,22698,22698.006922,0,4,3,4,7,3,2,drive subtree; radiator/reactor-bay mesh
Monitor,false,3,ships_prm/Monitor_3,assets/artresources/ships/dlca/monitor/monitor_3.prefab,monitor-appearance-3.png,23.711000,23.557000,110.998000,48694.693266,22698,22698.006922,0,4,3,4,7,5,2,drive subtree; radiator/reactor-bay mesh
Destroyer,false,0,ships/Destroyer,assets/artresources/ships/earth/destroyer/destroyer.prefab,destroyer-appearance-0.png,23.306000,17.049000,70.694000,22061.954731,41548,41547.562844,2,2,5,4,9,5,2,drive subtree; radiator/reactor-bay mesh
Destroyer,false,1,ships/Destroyer_1,assets/artresources/ships/earth_alt/destroyer/destroyer_1.prefab,destroyer-appearance-1.png,27.903000,25.457000,118.540000,66132.583930,41548,41547.562844,2,2,5,4,9,6,2,drive subtree; radiator/reactor-bay mesh
Destroyer,false,2,ships_prm/Destroyer_2,assets/artresources/ships/earth_prm/destroyer/destroyer_2.prefab,destroyer-appearance-2.png,26.869000,21.342000,95.178000,42867.288585,41548,41547.562844,2,2,5,4,9,4,2,drive subtree; radiator/reactor-bay mesh
Destroyer,false,3,ships_prm/Destroyer_3,assets/artresources/ships/dlca/destroyer/destroyer_3.prefab,destroyer-appearance-3.png,28.001000,25.982000,110.056000,62885.428219,41548,41547.562844,2,2,5,4,9,7,2,drive subtree; radiator/reactor-bay mesh
Cruiser,false,0,ships/Cruiser,assets/artresources/ships/earth/cruiser/cruiser.prefab,cruiser-appearance-0.png,23.566000,20.692000,119.637000,45819.948385,47124,54977.871438,2,3,7,5,12,6,2,drive subtree; radiator/reactor-bay mesh
Cruiser,false,1,ships/Cruiser_1,assets/artresources/ships/earth_alt/cruiser/cruiser_1.prefab,cruiser-appearance-1.png,41.435000,27.426000,160.623000,143362.034026,47124,54977.871438,2,3,7,5,12,7,2,drive subtree; radiator/reactor-bay mesh
Cruiser,false,2,ships_prm/Cruiser_2,assets/artresources/ships/earth_prm/cruiser/cruiser_2.prefab,cruiser-appearance-2.png,33.722000,22.894000,159.594000,96768.961828,47124,54977.871438,2,3,7,5,12,6,2,drive subtree; radiator/reactor-bay mesh
Cruiser,false,3,ships_prm/Cruiser_3,assets/artresources/ships/dlca/cruiser/cruiser_3.prefab,cruiser-appearance-3.png,48.120000,34.903000,153.191000,202070.381704,47124,54977.871438,2,3,7,5,12,9,2,drive subtree; radiator/reactor-bay mesh
Battlecruiser,false,0,ships/Battlecruiser,assets/artresources/ships/earth/battlecruiser/battlecruiser.prefab,battlecruiser-appearance-0.png,22.757000,20.731000,117.897000,43684.422123,47124,54977.871438,3,2,5,5,10,9,2,drive subtree; radiator/reactor-bay mesh
Battlecruiser,false,1,ships/Battlecruiser_1,assets/artresources/ships/earth_alt/battlecruiser/battlecruiser_1.prefab,battlecruiser-appearance-1.png,40.865000,32.500000,155.899000,162618.495218,47124,54977.871438,3,2,5,5,10,5,2,drive subtree; radiator/reactor-bay mesh
Battlecruiser,false,2,ships_prm/Battlecruiser_2,assets/artresources/ships/earth_prm/battlecruiser/battlecruiser_2.prefab,battlecruiser-appearance-2.png,27.455000,23.755000,157.624000,80740.993279,47124,54977.871438,3,2,5,5,10,5,2,drive subtree; radiator/reactor-bay mesh
Battlecruiser,false,3,ships_prm/Battlecruiser_3,assets/artresources/ships/dlca/battlecruiser/battlecruiser_3.prefab,battlecruiser-appearance-3.png,45.764000,37.869000,151.150000,205738.660377,47124,54977.871438,3,2,5,5,10,9,2,drive subtree; radiator/reactor-bay mesh
Battleship,false,0,ships/Battleship,assets/artresources/ships/earth/battleship/battleship.prefab,battleship-appearance-0.png,28.678000,27.414000,170.285000,105142.667670,85903,98174.770425,2,6,6,8,14,8,2,drive subtree; radiator/reactor-bay mesh
Battleship,false,1,ships/Battleship_1,assets/artresources/ships/earth_alt/battleship/battleship_1.prefab,battleship-appearance-1.png,37.290000,31.004000,180.665000,164048.422723,85903,98174.770425,2,6,6,8,14,9,2,drive subtree; radiator/reactor-bay mesh
Battleship,false,2,ships_prm/Battleship_2,assets/artresources/ships/earth_prm/battleship/battleship_2.prefab,battleship-appearance-2.png,39.177000,24.721000,176.773000,134463.754304,85903,98174.770425,2,6,6,8,14,5,2,drive subtree; radiator/reactor-bay mesh
Battleship,false,3,ships_prm/Battleship_3,assets/artresources/ships/dlca/battleship/battleship_3.prefab,battleship-appearance-3.png,47.835000,26.415000,169.472000,168180.615798,85903,98174.770425,2,6,6,8,14,7,2,drive subtree; radiator/reactor-bay mesh
Lancer,false,0,ships/Lancer,assets/artresources/ships/earth/lancer/lancer.prefab,lancer-appearance-0.png,43.318000,20.310000,220.841000,152598.424445,180956,201061.929830,4,3,7,7,14,6,2,drive subtree; radiator/reactor-bay mesh
Lancer,false,1,ships/Lancer_1,assets/artresources/ships/earth_alt/lancer/lancer_1.prefab,lancer-appearance-1.png,43.876000,24.712000,252.881000,215348.959487,180956,201061.929830,4,3,7,7,14,7,2,drive subtree; radiator/reactor-bay mesh
Lancer,false,2,ships_prm/Lancer_2,assets/artresources/ships/earth_prm/lancer/lancer_2.prefab,lancer-appearance-2.png,46.772000,31.752000,222.636000,259685.278284,180956,201061.929830,4,3,7,7,14,5,2,drive subtree; radiator/reactor-bay mesh
Lancer,false,3,ships_prm/Lancer_3,assets/artresources/ships/dlca/lancer/lancer_3.prefab,lancer-appearance-3.png,42.064000,35.755000,217.303000,256682.460941,180956,201061.929830,4,3,7,7,14,7,2,drive subtree; radiator/reactor-bay mesh
Dreadnought,false,0,ships/Dreadnought,assets/artresources/ships/earth/dreadnought/dreadnought.prefab,dreadnought-appearance-0.png,43.609000,30.105000,264.017000,272229.435950,240528,264581.006295,3,8,7,11,18,8,2,drive subtree; radiator/reactor-bay mesh
Dreadnought,false,1,ships/Dreadnought_1,assets/artresources/ships/earth_alt/dreadnought/dreadnought_1.prefab,dreadnought-appearance-1.png,56.007000,35.501000,262.862000,410481.618817,240528,264581.006295,3,8,7,11,18,11,2,drive subtree; radiator/reactor-bay mesh
Dreadnought,false,2,ships_prm/Dreadnought_2,assets/artresources/ships/earth_prm/dreadnought/dreadnought_2.prefab,dreadnought-appearance-2.png,37.315000,28.113000,251.745000,207412.754560,240528,264581.006295,3,8,7,11,18,6,2,drive subtree; radiator/reactor-bay mesh
Dreadnought,false,3,ships_prm/Dreadnought_3,assets/artresources/ships/dlca/dreadnought/dreadnought_3.prefab,dreadnought-appearance-3.png,63.838000,44.033000,245.928000,542945.652925,240528,264581.006295,3,8,7,11,18,9,2,drive subtree; radiator/reactor-bay mesh
Titan,false,0,ships/Titan,assets/artresources/ships/earth/titan/titan.prefab,titan-appearance-0.png,57.464000,40.511000,281.432000,514552.084509,264581,288633.825049,4,6,9,10,19,9,2,drive subtree; radiator/reactor-bay mesh
Titan,false,1,ships/Titan_1,assets/artresources/ships/earth_alt/titan/titan_1.prefab,titan-appearance-1.png,74.702000,53.503000,275.715000,865494.884959,264581,288633.825049,4,6,9,10,19,12,2,drive subtree; radiator/reactor-bay mesh
Titan,false,2,ships_prm/Titan_2,assets/artresources/ships/earth_prm/titan/titan_2.prefab,titan-appearance-2.png,49.039000,39.921000,265.040000,407508.818065,264581,288633.825049,4,6,9,10,19,7,2,drive subtree; radiator/reactor-bay mesh
Titan,false,3,ships_prm/Titan_3,assets/artresources/ships/dlca/titan/titan_3.prefab,titan-appearance-3.png,73.037000,62.224000,276.707000,987672.365761,264581,288633.825049,4,6,9,10,19,10,2,drive subtree; radiator/reactor-bay mesh
STOFighter,false,0,ships/STOFighter,assets/artresources/earthmapmodels/jets/stofighter.prefab,stofighter-appearance-0.png,25.844000,6.852000,29.346000,4081.717091,628,1256.637061,1,1,1,2,3,1,0,No separable drive/reactor mesh; the single jet mesh is inseparable.
AlienGunship,true,0,ships/AlienGunship,assets/artresources/ships/alien/gunship/aliengunship.prefab,aliengunship-appearance-0.png,15.555000,14.076000,63.342000,10892.207477,1963,3926.990817,1,0,3,1,4,4,4,drive subtree; radiator/reactor-bay mesh
AlienEscort,true,0,ships/AlienEscort,assets/artresources/ships/alien/escort/alienescort.prefab,alienescort-appearance-0.png,16.768000,10.095000,55.348000,7358.229100,3927,5890.486225,0,2,4,2,6,4,5,drive subtree; radiator/reactor-bay mesh
AlienCorvette,true,0,ships/AlienCorvette,assets/artresources/ships/alien/corvette/aliencorvette.prefab,aliencorvette-appearance-0.png,14.422000,13.445000,86.508000,13174.451263,3927,5890.486225,1,1,4,2,6,7,4,drive subtree; radiator/reactor-bay mesh
AlienFrigate,true,0,ships/AlienFrigate,assets/artresources/ships/alien/frigate/alienfrigate.prefab,alienfrigate-appearance-0.png,21.961000,13.103000,135.664000,30659.926821,17671,22089.323346,1,3,5,4,9,7,5,drive subtree; radiator/reactor-bay mesh
AlienMonitor,true,0,ships/AlienMonitor,assets/artresources/ships/alien/monitor/alienmonitor.prefab,alienmonitor-appearance-0.png,31.182000,19.283000,159.821000,75475.814818,22089,26507.188015,1,4,5,5,10,5,5,drive subtree; radiator/reactor-bay mesh
AlienDestroyer,true,0,ships/AlienDestroyer,assets/artresources/ships/alien/destroyer/aliendestroyer.prefab,aliendestroyer-appearance-0.png,22.300000,16.122000,167.562000,47314.412734,22089,26507.188015,2,2,5,4,9,5,5,drive subtree; radiator/reactor-bay mesh
AlienCruiser,true,0,ships/AlienCruiser,assets/artresources/ships/alien/cruiser/aliencruiser.prefab,aliencruiser-appearance-0.png,25.380000,16.702000,174.049000,57947.517795,54978,62831.853072,2,4,7,6,13,5,5,drive subtree; radiator/reactor-bay mesh
AlienBattlecruiser,true,0,ships/AlienBattlecruiser,assets/artresources/ships/alien/battlecruiser/alienbattlecruiser.prefab,alienbattlecruiser-appearance-0.png,36.914000,23.308000,255.729000,172807.622187,107992,120264.093770,3,3,6,6,12,8,5,drive subtree; radiator/reactor-bay mesh
AlienBattleship,true,0,ships/AlienBattleship,assets/artresources/ships/alien/battleship/alienbattleship.prefab,alienbattleship-appearance-0.png,35.435000,25.097000,288.243000,201325.225328,110447,122718.463031,2,6,7,8,15,8,5,drive subtree; radiator/reactor-bay mesh
AlienLancer,true,0,ships/AlienLancer,assets/artresources/ships/alien/lancer/alienlancer.prefab,alienlancer-appearance-0.png,31.557000,24.479000,274.719000,166671.706039,122718,134990.309334,6,4,7,10,17,5,5,drive subtree; radiator/reactor-bay mesh
AlienDreadnought,true,0,ships/AlienDreadnought,assets/artresources/ships/alien/dreadnought/aliendreadnought.prefab,aliendreadnought-appearance-0.png,39.797000,30.718000,315.564000,302989.802622,194386,212057.504117,4,8,9,12,21,17,5,drive subtree; radiator/reactor-bay mesh
AlienTitan,true,0,ships/AlienTitan,assets/artresources/ships/alien/titan/alientitan.prefab,alientitan-appearance-0.png,39.534000,28.813000,391.206000,349989.244758,265072,282743.338823,6,8,7,14,21,6,5,drive subtree; radiator/reactor-bay mesh
AlienAssaultCarrier,true,0,ships/AlienAssaultCarrier,assets/artresources/ships/alien/assault_carrier/alienassaultcarrier.prefab,alienassaultcarrier-appearance-0.png,58.600000,33.023000,275.800000,419181.822345,194386,212057.504117,0,6,6,6,12,17,6,drive subtree; engine-named mesh; radiator/reactor-bay mesh
AlienMothership,true,0,ships/AlienMothership,assets/artresources/ships/alien/mothership/alienmothership.prefab,alienmothership-appearance-0.png,478.340000,182.832000,716.243000,49197068.556474,1625774,1696460.032938,4,16,7,20,27,16,12,drive subtree; engine-named mesh; radiator/reactor-bay mesh
SalamanderGunship,true,0,ships/SalamanderGunship,assets/artresources/ships/alien/salamander_gunship/salamandergunship.prefab,salamandergunship-appearance-0.png,31.616000,9.053000,64.678000,14539.464246,880,1759.291886,1,1,1,2,3,4,1,thruster-named mesh
