dataName,friendlyName,mount,crew,sortOrder,requiredProjectName,attackMode,defenseMode,hp,baseWeaponMass_tons,cooldown_s,efficiency,shotPower_MJ,wavelength_nm,mirrorRadius_cm,beam_quality,jitter_Rad,bombardmentValue,targetingRange_km,pivotRange_deg,isPointDefenseTargetable,weightedBuildMaterials/volatiles,weightedBuildMaterials/metals,weightedBuildMaterials/nobleMetals,weightedBuildMaterials/exotics,iconResource,modelResource,effectResource,fireSoundFXResource
PointDefenseLaserTurret,Point Defense Laser Turret,OneHull,2,1,Project_PointDefenseLaserTurret,false,true,1,20,5,0.25,50,1080,30,1.2,1e-7,0,250,180,false,0.1,0.7,0.2,,shipbuildericons/ICO_PointDefenseLaserTurret,shipweapons/point_defense_laser_battery,spaceCombat/Standard Laser Beam Red,event:/SFX/Game_SFX/Lasers/trig_SFX_Basic_Laser_Turret
60cmIRLaserBattery,60 cm IR Laser Battery,OneHull,2,2,Project_60cmIRLaserBattery,true,true,1,150,30,0.25,100,810,60,1.2,9e-8,0.2,600,180,false,0.1,0.7,0.2,,shipbuildericons/ICO_60cmIRLaserBattery,shipweapons/small_laser_battery,spaceCombat/Standard Laser Beam Red,event:/SFX/Game_SFX/Lasers/trig_SFX_Basic_Laser_Turret
120cmIRLaserBattery,120 cm IR Laser Battery,TwoHullHoriz,3,3,Project_60cmIRLaserBattery,true,true,1,200,30,0.25,150,810,120,1.2,7.2e-8,0.4,700,180,false,0.1,0.7,0.2,,shipbuildericons/ICO_120cmIRLaserBattery,shipweapons/medium_laser_battery,spaceCombat/Standard Laser Beam Red,event:/SFX/Game_SFX/Lasers/trig_SFX_Basic_Laser_Turret
360cmIRLaserBattery,360 cm IR Laser Battery,FourHull,4,4,Project_60cmIRLaserBattery,true,true,1,400,30,0.25,250,810,360,1.2,5.8e-8,0.8,850,180,false,0.1,0.7,0.2,,shipbuildericons/ICO_360cmIRLaserBattery,shipweapons/large_laser_battery,spaceCombat/Standard Laser Beam Red,event:/SFX/Game_SFX/Lasers/trig_SFX_Basic_Laser_Turret
240cmIRLaserCannon,240 cm IR Laser Cannon,OneNose,4,5,Project_240cmIRLaserCannon,true,true,1,300,30,0.25,200,810,240,1.2,4.6e-8,0.6,800,45,false,0.1,0.7,0.2,,shipbuildericons/ICO_240cmIRLaserCannon,shipweapons/small_laser_cannon,spaceCombat/Standard Laser Beam Red,event:/SFX/Game_SFX/Lasers/trig_SFX_Basic_Laser_Cannon
480cmIRLaserCannon,480 cm IR Laser Cannon,TwoNoseVert,5,6,Project_240cmIRLaserCannon,true,true,1,500,30,0.25,300,810,480,1.2,3.7e-8,1,900,45,false,0.1,0.7,0.2,,shipbuildericons/ICO_480cmIRLaserCannon,shipweapons/medium_laser_cannon,spaceCombat/Standard Laser Beam Red,event:/SFX/Game_SFX/Lasers/trig_SFX_Basic_Laser_Cannon
720cmIRLaserCannon,720 cm IR Laser Cannon,ThreeNoseAngle,6,7,Project_240cmIRLaserCannon,true,true,1,700,30,0.25,350,810,720,1.2,2.9e-8,1.4,950,45,false,0.1,0.7,0.2,,shipbuildericons/ICO_720cmIRLaserCannon,shipweapons/large_laser_cannon,spaceCombat/Standard Laser Beam Red,event:/SFX/Game_SFX/Lasers/trig_SFX_Basic_Laser_Cannon
960cmIRLaserCannon,960 cm IR Laser Cannon,FourNose,8,8,Project_240cmIRLaserCannon,true,true,1,900,30,0.25,400,810,960,1.2,2.4e-8,2,1000,45,false,0.1,0.7,0.2,,shipbuildericons/ICO_960cmIRLaserCannon,shipweapons/huge_laser_cannon,spaceCombat/Standard Laser Beam Red,event:/SFX/Game_SFX/Lasers/trig_SFX_Basic_Laser_Cannon
PointDefenseArcLaserTurret,Point Defense Arc Laser Turret,OneHull,2,9,Project_PointDefenseArcLaserTurret,false,true,1,20,4,0.35,50,1080,30,1.15,7.5e-8,0,300,180,false,0.1,0.65,0.25,,shipbuildericons/ICO_PointDefenseArcLaserTurret,shipweapons/point_defense_laser_battery,spaceCombat/Arc Laser Beam Red,event:/SFX/Game_SFX/Lasers/trig_SFX_Arc_Laser_Turret
60cmIRArcLaserBattery,60 cm IR Arc Laser Battery,OneHull,2,10,Project_60cmIRArcLaserBattery,true,true,1,115,20,0.35,100,810,60,1.15,7.5e-8,0.2,600,180,false,0.1,0.65,0.25,,shipbuildericons/ICO_60cmIRArcLaserBattery,shipweapons/small_laser_battery,spaceCombat/Arc Laser Beam Red,event:/SFX/Game_SFX/Lasers/trig_SFX_Arc_Laser_Turret
120cmIRArcLaserBattery,120 cm IR Arc Laser Battery,TwoHullHoriz,3,11,Project_60cmIRArcLaserBattery,true,true,1,155,20,0.35,150,810,120,1.15,6e-8,0.4,700,180,false,0.1,0.65,0.25,,shipbuildericons/ICO_120cmIRArcLaserBattery,shipweapons/medium_laser_battery,spaceCombat/Arc Laser Beam Red,event:/SFX/Game_SFX/Lasers/trig_SFX_Arc_Laser_Turret
360cmIRArcLaserBattery,360 cm IR Arc Laser Battery,FourHull,4,12,Project_60cmIRArcLaserBattery,true,true,1,315,20,0.35,250,810,360,1.15,4.8e-8,0.8,850,180,false,0.1,0.65,0.25,,shipbuildericons/ICO_360cmIRArcLaserBattery,shipweapons/large_laser_battery,spaceCombat/Arc Laser Beam Red,event:/SFX/Game_SFX/Lasers/trig_SFX_Arc_Laser_Turret
240cmIRArcLaserCannon,240 cm IR Arc Laser Cannon,OneNose,4,13,Project_240cmIRArcLaserCannon,true,true,1,235,20,0.35,200,810,240,1.15,3.8e-8,0.6,800,45,false,0.1,0.65,0.25,,shipbuildericons/ICO_240cmIRArcLaserCannon,shipweapons/small_laser_cannon,spaceCombat/Arc Laser Beam Red,event:/SFX/Game_SFX/Lasers/trig_SFX_Arc_Laser_Cannon
480cmIRArcLaserCannon,480 cm IR Arc Laser Cannon,TwoNoseVert,5,14,Project_240cmIRArcLaserCannon,true,true,1,395,20,0.35,300,810,480,1.15,3.1e-8,1,900,45,false,0.1,0.65,0.25,,shipbuildericons/ICO_480cmIRArcLaserCannon,shipweapons/medium_laser_cannon,spaceCombat/Arc Laser Beam Red,event:/SFX/Game_SFX/Lasers/trig_SFX_Arc_Laser_Cannon
720cmIRArcLaserCannon,720 cm IR Arc Laser Cannon,ThreeNoseAngle,6,15,Project_240cmIRArcLaserCannon,true,true,1,555,20,0.35,350,810,720,1.15,2.5e-8,1.4,950,45,false,0.1,0.65,0.25,,shipbuildericons/ICO_720cmIRArcLaserCannon,shipweapons/large_laser_cannon,spaceCombat/Arc Laser Beam Red,event:/SFX/Game_SFX/Lasers/trig_SFX_Arc_Laser_Cannon
960cmIRArcLaserCannon,960 cm IR Arc Laser Cannon,FourNose,8,16,Project_240cmIRArcLaserCannon,true,true,1,715,20,0.35,400,810,960,1.15,2e-8,2,1000,45,false,0.1,0.65,0.25,,shipbuildericons/ICO_960cmIRArcLaserCannon,shipweapons/huge_laser_cannon,spaceCombat/Arc Laser Beam Red,event:/SFX/Game_SFX/Lasers/trig_SFX_Arc_Laser_Cannon
PointDefensePhaserTurret,Point Defense Phaser Turret,OneHull,2,17,Project_PointDefensePhaserTurret,false,true,1,20,3,0.45,50,1080,30,1.1,5e-8,0,350,180,false,0.1,0.6,0.3,,shipbuildericons/ICO_PointDefensePhaserTurret,shipweapons/point_defense_laser_battery,spaceCombat/Phaser Beam Red,event:/SFX/Game_SFX/Lasers/trig_SFX_Phaser_Turret
60cmIRPhaserBattery,60 cm IR Phaser Battery,OneHull,2,18,Project_60cmIRPhaserBattery,true,true,1,75,10,0.45,100,810,60,1.1,5e-8,0.2,600,180,false,0.1,0.6,0.3,,shipbuildericons/ICO_60cmIRPhaserBattery,shipweapons/small_laser_battery,spaceCombat/Phaser Beam Red,event:/SFX/Game_SFX/Lasers/trig_SFX_Phaser_Turret
120cmIRPhaserBattery,120 cm IR Phaser Battery,TwoHullHoriz,3,19,Project_60cmIRPhaserBattery,true,true,1,100,10,0.45,150,810,120,1.1,4e-8,0.4,700,180,false,0.1,0.6,0.3,,shipbuildericons/ICO_120cmIRPhaserBattery,shipweapons/medium_laser_battery,spaceCombat/Phaser Beam Red,event:/SFX/Game_SFX/Lasers/trig_SFX_Phaser_Turret
360cmIRPhaserBattery,360 cm IR Phaser Battery,FourHull,4,20,Project_60cmIRPhaserBattery,true,true,1,200,10,0.45,250,810,360,1.1,3.2e-8,0.8,850,180,false,0.1,0.6,0.3,,shipbuildericons/ICO_360cmIRPhaserBattery,shipweapons/large_laser_battery,spaceCombat/Phaser Beam Red,event:/SFX/Game_SFX/Lasers/trig_SFX_Phaser_Turret
240cmIRPhaserCannon,240 cm IR Phaser Cannon,OneNose,4,21,Project_240cmIRPhaserCannon,true,true,1,150,10,0.45,200,810,240,1.1,2.6e-8,0.6,800,45,false,0.1,0.6,0.3,,shipbuildericons/ICO_240cmIRPhaserCannon,shipweapons/small_laser_cannon,spaceCombat/Phaser Beam Red,event:/SFX/Game_SFX/Lasers/trig_SFX_Phaser_Cannon
480cmIRPhaserCannon,480 cm IR Phaser Cannon,TwoNoseVert,5,22,Project_240cmIRPhaserCannon,true,true,1,250,10,0.45,300,810,480,1.1,2e-8,1,900,45,false,0.1,0.6,0.3,,shipbuildericons/ICO_480cmIRPhaserCannon,shipweapons/medium_laser_cannon,spaceCombat/Phaser Beam Red,event:/SFX/Game_SFX/Lasers/trig_SFX_Phaser_Cannon
720cmIRPhaserCannon,720 cm IR Phaser Cannon,ThreeNoseAngle,6,23,Project_240cmIRPhaserCannon,true,true,1,350,10,0.45,350,810,720,1.1,1.6e-8,1.4,950,45,false,0.1,0.6,0.3,,shipbuildericons/ICO_720cmIRPhaserCannon,shipweapons/large_laser_cannon,spaceCombat/Phaser Beam Red,event:/SFX/Game_SFX/Lasers/trig_SFX_Phaser_Cannon
960cmIRPhaserCannon,960 cm IR Phaser Cannon,FourNose,8,24,Project_240cmIRPhaserCannon,true,true,1,450,10,0.45,400,810,960,1.1,1.3e-8,2,1000,45,false,0.1,0.6,0.3,,shipbuildericons/ICO_960cmIRPhaserCannon,shipweapons/huge_laser_cannon,spaceCombat/Phaser Beam Red,event:/SFX/Game_SFX/Lasers/trig_SFX_Phaser_Cannon
60cmGreenLaserBattery,60 cm Green Laser Battery,OneHull,2,25,Project_60cmGreenLaserBattery,true,true,1,150,30,0.2,100,540,60,1.2,9e-8,0.2,600,180,false,0.1,0.65,0.25,,shipbuildericons/ICO_60cmGreenLaserBattery,shipweapons/small_laser_battery,spaceCombat/Standard Laser Beam Green,event:/SFX/Game_SFX/Lasers/trig_SFX_Basic_Laser_Turret
120cmGreenLaserBattery,120 cm Green Laser Battery,TwoHullHoriz,3,26,Project_60cmGreenLaserBattery,true,true,1,200,30,0.2,150,540,120,1.2,7.2e-8,0.4,700,180,false,0.1,0.65,0.25,,shipbuildericons/ICO_120cmGreenLaserBattery,shipweapons/medium_laser_battery,spaceCombat/Standard Laser Beam Green,event:/SFX/Game_SFX/Lasers/trig_SFX_Basic_Laser_Turret
360cmGreenLaserBattery,360 cm Green Laser Battery,FourHull,4,27,Project_60cmGreenLaserBattery,true,true,1,400,30,0.2,250,540,360,1.2,5.8e-8,0.8,850,180,false,0.1,0.65,0.25,,shipbuildericons/ICO_360cmGreenLaserBattery,shipweapons/large_laser_battery,spaceCombat/Standard Laser Beam Green,event:/SFX/Game_SFX/Lasers/trig_SFX_Basic_Laser_Turret
240cmGreenLaserCannon,240 cm Green Laser Cannon,OneNose,4,28,Project_240cmGreenLaserCannon,true,true,1,300,30,0.2,200,540,240,1.2,4.6e-8,0.6,800,45,false,0.1,0.65,0.25,,shipbuildericons/ICO_240cmGreenLaserCannon,shipweapons/small_laser_cannon,spaceCombat/Standard Laser Beam Green,event:/SFX/Game_SFX/Lasers/trig_SFX_Basic_Laser_Cannon
480cmGreenLaserCannon,480 cm Green Laser Cannon,TwoNoseVert,5,29,Project_240cmGreenLaserCannon,true,true,1,500,30,0.2,300,540,480,1.2,3.7e-8,1,900,45,false,0.1,0.65,0.25,,shipbuildericons/ICO_480cmGreenLaserCannon,shipweapons/medium_laser_cannon,spaceCombat/Standard Laser Beam Green,event:/SFX/Game_SFX/Lasers/trig_SFX_Basic_Laser_Cannon
720cmGreenLaserCannon,720 cm Green Laser Cannon,ThreeNoseAngle,6,30,Project_240cmGreenLaserCannon,true,true,1,700,30,0.2,350,540,720,1.2,2.9e-8,1.4,950,45,false,0.1,0.65,0.25,,shipbuildericons/ICO_720cmGreenLaserCannon,shipweapons/large_laser_cannon,spaceCombat/Standard Laser Beam Green,event:/SFX/Game_SFX/Lasers/trig_SFX_Basic_Laser_Cannon
960cmGreenLaserCannon,960 cm Green Laser Cannon,FourNose,8,31,Project_240cmGreenLaserCannon,true,true,1,900,30,0.2,400,540,960,1.2,2.4e-8,2,1000,45,false,0.1,0.65,0.25,,shipbuildericons/ICO_960cmGreenLaserCannon,shipweapons/huge_laser_cannon,spaceCombat/Standard Laser Beam Green,event:/SFX/Game_SFX/Lasers/trig_SFX_Basic_Laser_Cannon
60cmGreenArcLaserBattery,60 cm Green Arc Laser Battery,OneHull,2,32,Project_60cmGreenArcLaserBattery,true,true,1,115,20,0.3,100,540,60,1.15,7.5e-8,0.4,600,180,false,0.1,0.6,0.3,,shipbuildericons/ICO_60cmGreenArcLaserBattery,shipweapons/small_laser_battery,spaceCombat/Arc Laser Beam Green,event:/SFX/Game_SFX/Lasers/trig_SFX_Arc_Laser_Turret
120cmGreenArcLaserBattery,120 cm Green Arc Laser Battery,TwoHullHoriz,3,33,Project_60cmGreenArcLaserBattery,true,true,1,155,20,0.3,150,540,120,1.15,6e-8,0.8,700,180,false,0.1,0.6,0.3,,shipbuildericons/ICO_120cmGreenArcLaserBattery,shipweapons/medium_laser_battery,spaceCombat/Arc Laser Beam Green,event:/SFX/Game_SFX/Lasers/trig_SFX_Arc_Laser_Turret
360cmGreenArcLaserBattery,360 cm Green Arc Laser Battery,FourHull,4,34,Project_60cmGreenArcLaserBattery,true,true,1,315,20,0.3,250,540,360,1.15,4.8e-8,1.6,850,180,false,0.1,0.6,0.3,,shipbuildericons/ICO_360cmGreenArcLaserBattery,shipweapons/large_laser_battery,spaceCombat/Arc Laser Beam Green,event:/SFX/Game_SFX/Lasers/trig_SFX_Arc_Laser_Turret
240cmGreenArcLaserCannon,240 cm Green Arc Laser Cannon,OneNose,4,35,Project_240cmGreenArcLaserCannon,true,true,1,235,20,0.3,200,540,240,1.15,3.8e-8,1.2,800,45,false,0.1,0.6,0.3,,shipbuildericons/ICO_240cmGreenArcLaserCannon,shipweapons/small_laser_cannon,spaceCombat/Arc Laser Beam Green,event:/SFX/Game_SFX/Lasers/trig_SFX_Arc_Laser_Cannon
480cmGreenArcLaserCannon,480 cm Green Arc Laser Cannon,TwoNoseVert,5,36,Project_240cmGreenArcLaserCannon,true,true,1,395,20,0.3,300,540,480,1.15,3.1e-8,2,900,45,false,0.1,0.6,0.3,,shipbuildericons/ICO_480cmGreenArcLaserCannon,shipweapons/medium_laser_cannon,spaceCombat/Arc Laser Beam Green,event:/SFX/Game_SFX/Lasers/trig_SFX_Arc_Laser_Cannon
720cmGreenArcLaserCannon,720 cm Green Arc Laser Cannon,ThreeNoseAngle,6,37,Project_240cmGreenArcLaserCannon,true,true,1,555,20,0.3,350,540,720,1.15,2.5e-8,2.8,950,45,false,0.1,0.6,0.3,,shipbuildericons/ICO_720cmGreenArcLaserCannon,shipweapons/large_laser_cannon,spaceCombat/Arc Laser Beam Green,event:/SFX/Game_SFX/Lasers/trig_SFX_Arc_Laser_Cannon
960cmGreenArcLaserCannon,960 cm Green Arc Laser Cannon,FourNose,8,38,Project_240cmGreenArcLaserCannon,true,true,1,715,20,0.3,400,540,960,1.15,2e-8,4,1000,45,false,0.1,0.6,0.3,,shipbuildericons/ICO_960cmGreenArcLaserCannon,shipweapons/huge_laser_cannon,spaceCombat/Arc Laser Beam Green,event:/SFX/Game_SFX/Lasers/trig_SFX_Arc_Laser_Cannon
60cmGreenPhaserBattery,60 cm Green Phaser Battery,OneHull,2,39,Project_60cmGreenPhaserBattery,true,true,1,115,10,0.4,100,540,60,1.1,5e-8,0.8,600,180,false,0.1,0.525,0.35,0.025,shipbuildericons/ICO_60cmGreenPhaserBattery,shipweapons/small_laser_battery,spaceCombat/Phaser Beam Green,event:/SFX/Game_SFX/Lasers/trig_SFX_Phaser_Turret
120cmGreenPhaserBattery,120 cm Green Phaser Battery,TwoHullHoriz,3,40,Project_60cmGreenPhaserBattery,true,true,1,155,10,0.4,150,540,120,1.1,4e-8,1.6,700,180,false,0.1,0.525,0.35,0.025,shipbuildericons/ICO_120cmGreenPhaserBattery,shipweapons/medium_laser_battery,spaceCombat/Phaser Beam Green,event:/SFX/Game_SFX/Lasers/trig_SFX_Phaser_Turret
360cmGreenPhaserBattery,360 cm Green Phaser Battery,FourHull,4,41,Project_60cmGreenPhaserBattery,true,true,1,315,10,0.4,250,540,360,1.1,3.2e-8,3.2,850,180,false,0.1,0.525,0.35,0.025,shipbuildericons/ICO_360cmGreenPhaserBattery,shipweapons/large_laser_battery,spaceCombat/Phaser Beam Green,event:/SFX/Game_SFX/Lasers/trig_SFX_Phaser_Turret
240cmGreenPhaserCannon,240 cm Green Phaser Cannon,OneNose,4,42,Project_240cmGreenPhaserCannon,true,true,1,235,10,0.4,200,540,240,1.1,2.6e-8,2.4,800,45,false,0.1,0.525,0.35,0.025,shipbuildericons/ICO_240cmGreenPhaserCannon,shipweapons/small_laser_cannon,spaceCombat/Phaser Beam Green,event:/SFX/Game_SFX/Lasers/trig_SFX_Phaser_Cannon
480cmGreenPhaserCannon,480 cm Green Phaser Cannon,TwoNoseVert,5,43,Project_240cmGreenPhaserCannon,true,true,1,395,10,0.4,300,540,480,1.1,2e-8,4,900,45,false,0.1,0.525,0.35,0.025,shipbuildericons/ICO_480cmGreenPhaserCannon,shipweapons/medium_laser_cannon,spaceCombat/Phaser Beam Green,event:/SFX/Game_SFX/Lasers/trig_SFX_Phaser_Cannon
720cmGreenPhaserCannon,720 cm Green Phaser Cannon,ThreeNoseAngle,6,44,Project_240cmGreenPhaserCannon,true,true,1,555,10,0.4,350,540,720,1.1,1.6e-8,5.6,950,45,false,0.1,0.525,0.35,0.025,shipbuildericons/ICO_720cmGreenPhaserCannon,shipweapons/large_laser_cannon,spaceCombat/Phaser Beam Green,event:/SFX/Game_SFX/Lasers/trig_SFX_Phaser_Cannon
960cmGreenPhaserCannon,960 cm Green Phaser Cannon,FourNose,8,45,Project_240cmGreenPhaserCannon,true,true,1,715,10,0.4,400,540,960,1.1,1.3e-8,8,1000,45,false,0.1,0.525,0.35,0.025,shipbuildericons/ICO_960cmGreenPhaserCannon,shipweapons/huge_laser_cannon,spaceCombat/Phaser Beam Green,event:/SFX/Game_SFX/Lasers/trig_SFX_Phaser_Cannon
60cmUVLaserBattery,60 cm UV Laser Battery,OneHull,2,46,Project_60cmUVLaserBattery,true,true,1,150,30,0.1,100,270,60,1.2,9e-8,0.2,600,180,false,0.1,0.6,0.3,,shipbuildericons/ICO_60cmUVLaserBattery,shipweapons/small_laser_battery,spaceCombat/Standard Laser Beam Violet,event:/SFX/Game_SFX/Lasers/trig_SFX_Basic_Laser_Turret
120cmUVLaserBattery,120 cm UV Laser Battery,TwoHullHoriz,3,47,Project_60cmUVLaserBattery,true,true,1,200,30,0.1,150,270,120,1.2,7.2e-8,0.4,700,180,false,0.1,0.6,0.3,,shipbuildericons/ICO_120cmUVLaserBattery,shipweapons/medium_laser_battery,spaceCombat/Standard Laser Beam Violet,event:/SFX/Game_SFX/Lasers/trig_SFX_Basic_Laser_Turret
360cmUVLaserBattery,360 cm UV Laser Battery,FourHull,4,48,Project_60cmUVLaserBattery,true,true,1,400,30,0.1,250,270,360,1.2,5.8e-8,0.8,850,180,false,0.1,0.6,0.3,,shipbuildericons/ICO_360cmUVLaserBattery,shipweapons/large_laser_battery,spaceCombat/Standard Laser Beam Violet,event:/SFX/Game_SFX/Lasers/trig_SFX_Basic_Laser_Turret
240cmUVLaserCannon,240 cm UV Laser Cannon,OneNose,4,49,Project_240cmUVLaserCannon,true,true,1,300,30,0.1,200,270,240,1.2,4.6e-8,0.6,800,45,false,0.1,0.6,0.3,,shipbuildericons/ICO_240cmUVLaserCannon,shipweapons/small_laser_cannon,spaceCombat/Standard Laser Beam Violet,event:/SFX/Game_SFX/Lasers/trig_SFX_Basic_Laser_Cannon
480cmUVLaserCannon,480 cm UV Laser Cannon,TwoNoseVert,5,50,Project_240cmUVLaserCannon,true,true,1,500,30,0.1,300,270,480,1.2,3.7e-8,1,900,45,false,0.1,0.6,0.3,,shipbuildericons/ICO_480cmUVLaserCannon,shipweapons/medium_laser_cannon,spaceCombat/Standard Laser Beam Violet,event:/SFX/Game_SFX/Lasers/trig_SFX_Basic_Laser_Cannon
720cmUVLaserCannon,720 cm UV Laser Cannon,ThreeNoseAngle,6,51,Project_240cmUVLaserCannon,true,true,1,700,30,0.1,350,270,720,1.2,2.9e-8,1.4,950,45,false,0.1,0.6,0.3,,shipbuildericons/ICO_720cmUVLaserCannon,shipweapons/large_laser_cannon,spaceCombat/Standard Laser Beam Violet,event:/SFX/Game_SFX/Lasers/trig_SFX_Basic_Laser_Cannon
960cmUVLaserCannon,960 cm UV Laser Cannon,FourNose,8,52,Project_240cmUVLaserCannon,true,true,1,900,30,0.1,400,270,960,1.2,2.4e-8,2,1000,45,false,0.1,0.6,0.3,,shipbuildericons/ICO_960cmUVLaserCannon,shipweapons/huge_laser_cannon,spaceCombat/Standard Laser Beam Violet,event:/SFX/Game_SFX/Lasers/trig_SFX_Basic_Laser_Cannon
60cmUVArcLaserBattery,60 cm UV Arc Laser Battery,OneHull,2,53,Project_60cmUVArcLaserBattery,true,true,1,115,20,0.2,100,270,60,1.15,7.5e-8,0.4,600,180,false,0.1,0.525,0.375,,shipbuildericons/ICO_60cmUVArcLaserBattery,shipweapons/small_laser_battery,spaceCombat/Arc Laser Beam Violet,event:/SFX/Game_SFX/Lasers/trig_SFX_Arc_Laser_Turret
120cmUVArcLaserBattery,120 cm UV Arc Laser Battery,TwoHullHoriz,3,54,Project_60cmUVArcLaserBattery,true,true,1,155,20,0.2,150,270,120,1.15,6e-8,0.8,700,180,false,0.1,0.525,0.375,,shipbuildericons/ICO_120cmUVArcLaserBattery,shipweapons/medium_laser_battery,spaceCombat/Arc Laser Beam Violet,event:/SFX/Game_SFX/Lasers/trig_SFX_Arc_Laser_Turret
360cmUVArcLaserBattery,360 cm UV Arc Laser Battery,FourHull,4,55,Project_60cmUVArcLaserBattery,true,true,1,315,20,0.2,250,270,360,1.15,4.8e-8,1.6,850,180,false,0.1,0.525,0.375,,shipbuildericons/ICO_360cmUVArcLaserBattery,shipweapons/large_laser_battery,spaceCombat/Arc Laser Beam Violet,event:/SFX/Game_SFX/Lasers/trig_SFX_Arc_Laser_Turret
240cmUVArcLaserCannon,240 cm UV Arc Laser Cannon,OneNose,4,56,Project_240cmUVArcLaserCannon,true,true,1,235,20,0.2,200,270,240,1.15,3.8e-8,1.2,800,45,false,0.1,0.525,0.375,,shipbuildericons/ICO_240cmUVArcLaserCannon,shipweapons/small_laser_cannon,spaceCombat/Arc Laser Beam Violet,event:/SFX/Game_SFX/Lasers/trig_SFX_Arc_Laser_Cannon
480cmUVArcLaserCannon,480 cm UV Arc Laser Cannon,TwoNoseVert,5,57,Project_240cmUVArcLaserCannon,true,true,1,395,20,0.2,300,270,480,1.15,3.1e-8,2,900,45,false,0.1,0.525,0.375,,shipbuildericons/ICO_480cmUVArcLaserCannon,shipweapons/medium_laser_cannon,spaceCombat/Arc Laser Beam Violet,event:/SFX/Game_SFX/Lasers/trig_SFX_Arc_Laser_Cannon
720cmUVArcLaserCannon,720 cm UV Arc Laser Cannon,ThreeNoseAngle,6,58,Project_240cmUVArcLaserCannon,true,true,1,555,20,0.2,350,270,720,1.15,2.5e-8,2.8,950,45,false,0.1,0.525,0.375,,shipbuildericons/ICO_720cmUVArcLaserCannon,shipweapons/large_laser_cannon,spaceCombat/Arc Laser Beam Violet,event:/SFX/Game_SFX/Lasers/trig_SFX_Arc_Laser_Cannon
960cmUVArcLaserCannon,960 cm UV Arc Laser Cannon,FourNose,8,59,Project_240cmUVArcLaserCannon,true,true,1,715,20,0.2,400,270,960,1.15,2e-8,4,1000,45,false,0.1,0.525,0.375,,shipbuildericons/ICO_960cmUVArcLaserCannon,shipweapons/huge_laser_cannon,spaceCombat/Arc Laser Beam Violet,event:/SFX/Game_SFX/Lasers/trig_SFX_Arc_Laser_Cannon
60cmUVPhaserBattery,60 cm UV Phaser Battery,OneHull,2,60,Project_60cmUVPhaserBattery,true,true,1,115,10,0.3,100,270,60,1.1,5e-8,0.8,600,180,false,0.1,0.45,0.4,0.05,shipbuildericons/ICO_60cmUVPhaserBattery,shipweapons/small_laser_battery,spaceCombat/Phaser Beam Violet,event:/SFX/Game_SFX/Lasers/trig_SFX_Phaser_Turret
120cmUVPhaserBattery,120 cm UV Phaser Battery,TwoHullHoriz,3,61,Project_60cmUVPhaserBattery,true,true,1,155,10,0.3,150,270,120,1.1,4e-8,1.6,700,180,false,0.1,0.45,0.4,0.05,shipbuildericons/ICO_120cmUVPhaserBattery,shipweapons/medium_laser_battery,spaceCombat/Phaser Beam Violet,event:/SFX/Game_SFX/Lasers/trig_SFX_Phaser_Turret
360cmUVPhaserBattery,360 cm UV Phaser Battery,FourHull,4,62,Project_60cmUVPhaserBattery,true,true,1,315,10,0.3,250,270,360,1.1,3.2e-8,3.2,850,180,false,0.1,0.45,0.4,0.05,shipbuildericons/ICO_360cmUVPhaserBattery,shipweapons/large_laser_battery,spaceCombat/Phaser Beam Violet,event:/SFX/Game_SFX/Lasers/trig_SFX_Phaser_Turret
240cmUVPhaserCannon,240 cm UV Phaser Cannon,OneNose,4,63,Project_240cmUVPhaserCannon,true,true,1,235,10,0.3,200,270,240,1.1,2.6e-8,2.4,800,45,false,0.1,0.45,0.4,0.05,shipbuildericons/ICO_240cmUVPhaserCannon,shipweapons/small_laser_cannon,spaceCombat/Phaser Beam Violet,event:/SFX/Game_SFX/Lasers/trig_SFX_Phaser_Cannon
480cmUVPhaserCannon,480 cm UV Phaser Cannon,TwoNoseVert,5,64,Project_240cmUVPhaserCannon,true,true,1,395,10,0.3,300,270,480,1.1,2e-8,4,900,45,false,0.1,0.45,0.4,0.05,shipbuildericons/ICO_480cmUVPhaserCannon,shipweapons/medium_laser_cannon,spaceCombat/Phaser Beam Violet,event:/SFX/Game_SFX/Lasers/trig_SFX_Phaser_Cannon
720cmUVPhaserCannon,720 cm UV Phaser Cannon,ThreeNoseAngle,6,65,Project_240cmUVPhaserCannon,true,true,1,555,10,0.3,350,270,720,1.1,1.6e-8,5.6,950,45,false,0.1,0.45,0.4,0.05,shipbuildericons/ICO_720cmUVPhaserCannon,shipweapons/large_laser_cannon,spaceCombat/Phaser Beam Violet,event:/SFX/Game_SFX/Lasers/trig_SFX_Phaser_Cannon
960cmUVPhaserCannon,960 cm UV Phaser Cannon,FourNose,8,66,Project_240cmUVPhaserCannon,true,true,1,715,10,0.3,400,270,960,1.1,1.3e-8,8,1000,45,false,0.1,0.45,0.4,0.05,shipbuildericons/ICO_960cmUVPhaserCannon,shipweapons/huge_laser_cannon,spaceCombat/Phaser Beam Violet,event:/SFX/Game_SFX/Lasers/trig_SFX_Phaser_Cannon
AlienPointDefenseLaserTurret,Alien Point Defense Laser Turret,OneHull,,67,Project_AlienMasterProject,false,true,2,21,2.4,0.35,64,810,32,1.1,5e-8,0,350,180,false,,0.9,0.1,,shipbuildericons/ICO_AlienPointDefenseLaserTurret,shipweapons/alien_point_defense_laser_battery,spaceCombat/Solid Laser Red,event:/SFX/Game_SFX/Lasers/trig_SFX_Alien_Laser_Turret_Hi_Tech
Alien64cmOrangeLaserBattery,Alien 64 cm Orange Laser Battery,OneHull,,68,Project_AlienMasterProject,true,true,2,118,16,0.35,128,630,64,1.1,5e-8,0.8,700,180,false,,0.9,0.1,,shipbuildericons/ICO_Alien64cmOrangeLaserBattery,shipweapons/alien_small_laser_battery,spaceCombat/Alien Laser Beam Orange,event:/SFX/Game_SFX/Lasers/trig_SFX_Alien_Laser_Turret_Low_Tech
Alien128cmOrangeLaserBattery,Alien 128 cm Orange Laser Battery,TwoHullHoriz,,69,Project_AlienMasterProject,true,true,2,160,16,0.35,192,630,128,1.1,4e-8,1.6,800,180,false,,0.9,0.1,,shipbuildericons/ICO_Alien128cmOrangeLaserBattery,shipweapons/alien_medium_laser_battery,spaceCombat/Alien Laser Beam Orange,event:/SFX/Game_SFX/Lasers/trig_SFX_Alien_Laser_Turret_Low_Tech
Alien384cmOrangeLaserBattery,Alien 384 cm Orange Laser Battery,FourHull,,70,Project_AlienMasterProject,true,true,2,331,16,0.35,240,630,384,1.1,3.2e-8,3.2,900,180,false,,0.9,0.1,,shipbuildericons/ICO_Alien384cmOrangeLaserBattery,shipweapons/alien_large_laser_battery,spaceCombat/Alien Laser Beam Orange,event:/SFX/Game_SFX/Lasers/trig_SFX_Alien_Laser_Turret_Low_Tech
Alien256cmOrangeLaserCannon,Alien 256 cm Orange Laser Cannon,OneNose,,71,Project_AlienMasterProject,true,true,2,246,24,0.35,192,630,256,1.1,2.6e-8,2.4,800,45,false,,0.9,0.1,,shipbuildericons/ICO_Alien256cmOrangeLaserCannon,shipweapons/alien_small_laser_cannon,spaceCombat/Alien Laser Beam Orange,event:/SFX/Game_SFX/Lasers/trig_SFX_Alien_Laser_Cannon_Low_Tech
Alien512cmOrangeLaserCannon,Alien 512 cm Orange Laser Cannon,TwoNoseVert,,72,Project_AlienMasterProject,true,true,2,416,24,0.35,256,630,512,1.1,2e-8,4,900,45,false,,0.9,0.1,,shipbuildericons/ICO_Alien512cmOrangeLaserCannon,shipweapons/alien_medium_laser_cannon,spaceCombat/Alien Laser Beam Orange,event:/SFX/Game_SFX/Lasers/trig_SFX_Alien_Laser_Cannon_Low_Tech
Alien768cmOrangeLaserCannon,Alien 768 cm Orange Laser Cannon,ThreeNoseAngle,,73,Project_AlienMasterProject,true,true,2,587,24,0.35,384,630,768,1.1,1.6e-8,5.6,1000,45,false,,0.9,0.1,,shipbuildericons/ICO_Alien768cmOrangeLaserCannon,shipweapons/alien_large_laser_cannon,spaceCombat/Alien Laser Beam Orange,event:/SFX/Game_SFX/Lasers/trig_SFX_Alien_Laser_Cannon_Low_Tech
Alien1024cmOrangeLaserCannon,Alien 1024 cm Orange Laser Cannon,FourNose,,74,Project_AlienMasterProject,true,true,2,758,24,0.35,448,630,1024,1.1,1.3e-8,8,1000,45,false,,0.9,0.1,,shipbuildericons/ICO_Alien1024cmOrangeLaserCannon,shipweapons/alien_huge_laser_cannon,spaceCombat/Alien Laser Beam Orange,event:/SFX/Game_SFX/Lasers/trig_SFX_Alien_Laser_Cannon_Low_Tech
Alien64cmVioletLaserBattery,Alien 64 cm Violet Laser Battery,OneHull,,75,Project_AlienMasterProject,true,true,2,118,12,0.5,128,450,64,1.1,5e-8,0.8,700,180,false,,0.79,0.2,0.01,shipbuildericons/ICO_Alien64cmVioletLaserBattery,shipweapons/alien_small_laser_battery,spaceCombat/Alien Laser Beam Blue,event:/SFX/Game_SFX/Lasers/trig_SFX_Alien_Laser_Turret_Hi_Tech
Alien128cmVioletLaserBattery,Alien 128 cm Violet Laser Battery,TwoHullHoriz,,76,Project_AlienMasterProject,true,true,2,160,12,0.5,192,450,128,1.1,4e-8,1.6,800,180,false,,0.78,0.2,0.01,shipbuildericons/ICO_Alien128cmVioletLaserBattery,shipweapons/alien_medium_laser_battery,spaceCombat/Alien Laser Beam Blue,event:/SFX/Game_SFX/Lasers/trig_SFX_Alien_Laser_Turret_Hi_Tech
Alien384cmVioletLaserBattery,Alien 384 cm Violet Laser Battery,FourHull,,77,Project_AlienMasterProject,true,true,2,331,12,0.5,240,450,384,1.1,3.2e-8,3.2,900,180,false,,0.76,0.2,0.01,shipbuildericons/ICO_Alien384cmVioletLaserBattery,shipweapons/alien_large_laser_battery,spaceCombat/Alien Laser Beam Blue,event:/SFX/Game_SFX/Lasers/trig_SFX_Alien_Laser_Turret_Hi_Tech
Alien256cmVioletLaserCannon,Alien 256 cm Violet Laser Cannon,OneNose,,78,Project_AlienMasterProject,true,true,2,246,18,0.5,192,450,256,1.1,2.6e-8,2.4,800,45,false,,0.79,0.2,0.01,shipbuildericons/ICO_Alien256cmVioletLaserCannon,shipweapons/alien_small_laser_cannon,spaceCombat/Alien Laser Beam Blue,event:/SFX/Game_SFX/Lasers/trig_SFX_Alien_Laser_Cannon_Hi_Tech
Alien512cmVioletLaserCannon,Alien 512 cm Violet Laser Cannon,TwoNoseVert,,79,Project_AlienMasterProject,true,true,2,416,18,0.5,256,450,512,1.1,2e-8,4,900,45,false,,0.78,0.2,0.01,shipbuildericons/ICO_Alien512cmVioletLaserCannon,shipweapons/alien_medium_laser_cannon,spaceCombat/Alien Laser Beam Blue,event:/SFX/Game_SFX/Lasers/trig_SFX_Alien_Laser_Cannon_Hi_Tech
Alien768cmVioletLaserCannon,Alien 768 cm Violet Laser Cannon,ThreeNoseAngle,,80,Project_AlienMasterProject,true,true,2,587,18,0.5,384,450,768,1.1,1.6e-8,5.6,1000,45,false,,0.76,0.2,0.01,shipbuildericons/ICO_Alien768cmVioletLaserCannon,shipweapons/alien_large_laser_cannon,spaceCombat/Alien Laser Beam Blue,event:/SFX/Game_SFX/Lasers/trig_SFX_Alien_Laser_Cannon_Hi_Tech
Alien1024cmVioletLaserCannon,Alien 1024 cm Violet Laser Cannon,FourNose,,81,Project_AlienMasterProject,true,true,2,758,18,0.5,448,450,1024,1.1,1.3e-8,8,1000,45,false,,0.72,0.2,0.01,shipbuildericons/ICO_Alien1024cmVioletLaserCannon,shipweapons/alien_huge_laser_cannon,spaceCombat/Alien Laser Beam Blue,event:/SFX/Game_SFX/Lasers/trig_SFX_Alien_Laser_Cannon_Hi_Tech
Alien384cmXaserBattery,Alien 384 cm Xaser Battery,FourHull,,82,Project_AlienAdvancedMasterProject,true,true,2,440,24,0.4,240,10,384,1.05,3.2e-8,4.5,900,180,false,,0.65,0.3,0.05,shipbuildericons/ICO_Alien384cmXaserBattery,shipweapons/alien_large_laser_battery,spaceCombat/Alien Laser XRay,event:/SFX/Game_SFX/Lasers/trig_SFX_Alien_Laser_Cannon_Hi_Tech
Alien256cmXaserCannon,Alien 256 cm Xaser Cannon,OneNose,,83,Project_AlienAdvancedMasterProject,true,true,2,333,24,0.4,192,10,256,1.05,2.6e-8,4,900,45,false,,0.65,0.3,0.05,shipbuildericons/ICO_Alien256cmXaserCannon,shipweapons/alien_small_laser_cannon,spaceCombat/Alien Laser XRay,event:/SFX/Game_SFX/Lasers/trig_SFX_Alien_Laser_Cannon_Hi_Tech
Alien512cmXaserCannon,Alien 512 cm Xaser Cannon,TwoNoseVert,,84,Project_AlienAdvancedMasterProject,true,true,2,547,24,0.4,256,10,512,1.05,2e-8,5,1000,45,false,,0.65,0.3,0.05,shipbuildericons/ICO_Alien512cmXaserCannon,shipweapons/alien_medium_laser_cannon,spaceCombat/Alien Laser XRay,event:/SFX/Game_SFX/Lasers/trig_SFX_Alien_Laser_Cannon_Hi_Tech
Alien768cmXaserCannon,Alien 768 cm Xaser Cannon,ThreeNoseAngle,,85,Project_AlienAdvancedMasterProject,true,false,2,760,24,0.4,384,10,768,1.05,1.6e-8,6,1000,45,false,,0.65,0.3,0.05,shipbuildericons/ICO_Alien768cmXaserCannon,shipweapons/alien_large_laser_cannon,spaceCombat/Alien Laser XRay,event:/SFX/Game_SFX/Lasers/trig_SFX_Alien_Laser_Cannon_Hi_Tech
Alien1024cmXaserCannon,Alien 1024 cm Xaser Cannon,FourNose,,86,Project_AlienAdvancedMasterProject,true,false,2,973,24,0.4,448,10,1024,1.05,1.3e-8,8,1000,45,false,,0.65,0.3,0.05,shipbuildericons/ICO_Alien1024cmXaserCannon,shipweapons/alien_huge_laser_cannon,spaceCombat/Alien Laser XRay,event:/SFX/Game_SFX/Lasers/trig_SFX_Alien_Laser_Cannon_Hi_Tech
Alien768cmGraserCannon,Alien 768 cm Graser Cannon,ThreeNoseAngle,,87,Project_AlienAdvancedMasterProject,true,false,2,1400,36,0.3,384,0.1,768,1.05,1.3e-8,8,1000,45,false,,0.5,0.4,0.05,shipbuildericons/ICO_Alien768cmGraserCannon,shipweapons/alien_large_laser_cannon,spaceCombat/Alien Laser Gamma Ray,event:/SFX/Game_SFX/Lasers/trig_SFX_Alien_Laser_Cannon_Hi_Tech
Alien1024cmGraserCannon,Alien 1024 cm Graser Cannon,FourNose,,88,Project_AlienAdvancedMasterProject,true,false,2,1827,36,0.3,448,0.1,1024,1.05,1e-8,12,1000,45,false,,0.5,0.4,0.05,shipbuildericons/ICO_Alien1024cmGraserCannon,shipweapons/alien_huge_laser_cannon,spaceCombat/Alien Laser Gamma Ray,event:/SFX/Game_SFX/Lasers/trig_SFX_Alien_Laser_Cannon_Hi_Tech
RegionDefenseIRLaser,Region Defense IR Laser,RegionDefense,,,,true,true,,,30,,1000,810,3600,1.2,2.4e-8,1.1,2000,180,false,,,,,,,spaceCombat/Standard Laser Beam Red,event:/SFX/Game_SFX/Lasers/trig_SFX_Basic_Laser_Cannon
RegionDefenseGreenLaser,Region Defense Green Laser,RegionDefense,,,,true,true,,,30,,1000,540,3600,1.2,2.4e-8,1.2,2000,180,false,,,,,,,spaceCombat/Standard Laser Beam Green,event:/SFX/Game_SFX/Lasers/trig_SFX_Basic_Laser_Cannon
RegionDefenseIRArcLaser,Region Defense IR Arc Laser,RegionDefense,,,,true,true,,,30,,1000,810,3600,1.15,2e-8,2.1,2000,180,false,,,,,,,spaceCombat/Arc Laser Beam Red,event:/SFX/Game_SFX/Lasers/trig_SFX_Arc_Laser_Cannon
RegionDefenseGreenArcLaser,Region Defense Green Arc Laser,RegionDefense,,,,true,true,,,30,,1000,540,3600,1.15,2e-8,2.2,2000,180,false,,,,,,,spaceCombat/Arc Laser Beam Green,event:/SFX/Game_SFX/Lasers/trig_SFX_Arc_Laser_Cannon
RegionDefenseIRPhaser,Region Defense IR Phaser,RegionDefense,,,,true,true,,,30,,1000,810,3600,1.1,1.3e-8,3.1,2000,180,false,,,,,,,spaceCombat/Phaser Beam Red,event:/SFX/Game_SFX/Lasers/trig_SFX_Phaser_Cannon
RegionDefenseGreenPhaser,Region Defense Green Phaser,RegionDefense,,,,true,true,,,30,,1000,540,3600,1.1,1.3e-8,3.2,2000,180,false,,,,,,,spaceCombat/Phaser Beam Green,event:/SFX/Game_SFX/Lasers/trig_SFX_Phaser_Cannon
T1BaseIRLaser,T1 Base IR Laser,T1BaseDefense,,,,true,true,,,900,,500,810,960,1.2,2.9e-8,1.1,2000,180,false,,,,,,,spaceCombat/Standard Laser Beam Red,event:/SFX/Game_SFX/Lasers/trig_SFX_Basic_Laser_Cannon
T1BaseGreenLaser,T1 Base Green Laser,T1BaseDefense,,,,true,true,,,900,,500,540,960,1.2,2.9e-8,1.2,2000,180,false,,,,,,,spaceCombat/Standard Laser Beam Green,event:/SFX/Game_SFX/Lasers/trig_SFX_Basic_Laser_Cannon
T1BaseUVLaser,T1 Base UV Laser,T1BaseDefense,,,,true,true,,,900,,500,270,960,1.2,2.9e-8,1.3,2000,180,false,,,,,,,spaceCombat/Standard Laser Beam Violet,event:/SFX/Game_SFX/Lasers/trig_SFX_Basic_Laser_Cannon
T1BaseIRArcLaser,T1 Base IR Arc Laser,T1BaseDefense,,,,true,true,,,900,,500,810,960,1.15,2.5e-8,2.1,2000,180,false,,,,,,,spaceCombat/Arc Laser Beam Red,event:/SFX/Game_SFX/Lasers/trig_SFX_Arc_Laser_Cannon
T1BaseGreenArcLaser,T1 Base Green Arc Laser,T1BaseDefense,,,,true,true,,,900,,500,540,960,1.15,2.5e-8,2.2,2000,180,false,,,,,,,spaceCombat/Arc Laser Beam Green,event:/SFX/Game_SFX/Lasers/trig_SFX_Arc_Laser_Cannon
T1BaseUVArcLaser,T1 Base UV Arc Laser,T1BaseDefense,,,,true,true,,,900,,500,270,960,1.15,2.5e-8,2.3,2000,180,false,,,,,,,spaceCombat/Arc Laser Beam Violet,event:/SFX/Game_SFX/Lasers/trig_SFX_Arc_Laser_Cannon
T1BaseIRPhaser,T1 Base IR Phaser,T1BaseDefense,,,,true,true,,,900,,500,810,960,1.1,1.6e-8,3.1,2000,180,false,,,,,,,spaceCombat/Phaser Beam Red,event:/SFX/Game_SFX/Lasers/trig_SFX_Phaser_Cannon
T1BaseGreenPhaser,T1 Base Green Phaser,T1BaseDefense,,,,true,true,,,900,,500,540,960,1.1,1.6e-8,3.2,2000,180,false,,,,,,,spaceCombat/Phaser Beam Green,event:/SFX/Game_SFX/Lasers/trig_SFX_Phaser_Cannon
T1BaseUVPhaser,T1 Base UV Phaser,T1BaseDefense,,,,true,true,,,900,,500,270,960,1.1,1.6e-8,3.3,2000,180,false,,,,,,,spaceCombat/Phaser Beam Violet,event:/SFX/Game_SFX/Lasers/trig_SFX_Phaser_Cannon
T2BaseIRLaser,T2 Base IR Laser,T2BaseDefense,,,,true,true,,,900,,650,810,1440,1.2,2.4e-8,1.1,2000,180,false,,,,,,,spaceCombat/Standard Laser Beam Red,event:/SFX/Game_SFX/Lasers/trig_SFX_Basic_Laser_Cannon
T2BaseGreenLaser,T2 Base Green Laser,T2BaseDefense,,,,true,true,,,900,,650,540,1440,1.2,2.4e-8,1.2,2000,180,false,,,,,,,spaceCombat/Standard Laser Beam Green,event:/SFX/Game_SFX/Lasers/trig_SFX_Basic_Laser_Cannon
T2BaseUVLaser,T2 Base UV Laser,T2BaseDefense,,,,true,true,,,900,,650,270,1440,1.2,2.4e-8,1.3,2000,180,false,,,,,,,spaceCombat/Standard Laser Beam Violet,event:/SFX/Game_SFX/Lasers/trig_SFX_Basic_Laser_Cannon
T2BaseIRArcLaser,T2 Base IR Arc Laser,T2BaseDefense,,,,true,true,,,900,,650,810,1440,1.15,2e-8,2.1,2000,180,false,,,,,,,spaceCombat/Arc Laser Beam Red,event:/SFX/Game_SFX/Lasers/trig_SFX_Arc_Laser_Cannon
T2BaseGreenArcLaser,T2 Base Green Arc Laser,T2BaseDefense,,,,true,true,,,900,,650,540,1440,1.15,2e-8,2.2,2000,180,false,,,,,,,spaceCombat/Arc Laser Beam Green,event:/SFX/Game_SFX/Lasers/trig_SFX_Arc_Laser_Cannon
T2BaseUVArcLaser,T2 Base UV Arc Laser,T2BaseDefense,,,,true,true,,,900,,650,270,1440,1.15,2e-8,2.3,2000,180,false,,,,,,,spaceCombat/Arc Laser Beam Violet,event:/SFX/Game_SFX/Lasers/trig_SFX_Arc_Laser_Cannon
T2BaseIRPhaser,T2 Base IR Phaser,T2BaseDefense,,,,true,true,,,900,,650,810,1440,1.1,1.3e-8,3.1,2000,180,false,,,,,,,spaceCombat/Phaser Beam Red,event:/SFX/Game_SFX/Lasers/trig_SFX_Phaser_Cannon
T2BaseGreenPhaser,T2 Base Green Phaser,T2BaseDefense,,,,true,true,,,900,,650,540,1440,1.1,1.3e-8,3.2,2000,180,false,,,,,,,spaceCombat/Phaser Beam Green,event:/SFX/Game_SFX/Lasers/trig_SFX_Phaser_Cannon
T2BaseUVPhaser,T2 Base UV Phaser,T2BaseDefense,,,,true,true,,,900,,650,270,1440,1.1,1.3e-8,3.3,2000,180,false,,,,,,,spaceCombat/Phaser Beam Violet,event:/SFX/Game_SFX/Lasers/trig_SFX_Phaser_Cannon
T3BaseIRLaser,T3 Base IR Laser,T3BaseDefense,,,,true,true,,,900,,800,810,1920,1.2,1.9e-8,1.1,2000,180,false,,,,,,,spaceCombat/Standard Laser Beam Red,event:/SFX/Game_SFX/Lasers/trig_SFX_Basic_Laser_Cannon
T3BaseGreenLaser,T3 Base Green Laser,T3BaseDefense,,,,true,true,,,900,,800,540,1920,1.2,1.9e-8,1.2,2000,180,false,,,,,,,spaceCombat/Standard Laser Beam Green,event:/SFX/Game_SFX/Lasers/trig_SFX_Basic_Laser_Cannon
T3BaseUVLaser,T3 Base UV Laser,T3BaseDefense,,,,true,true,,,900,,800,270,1920,1.2,1.9e-8,1.3,2000,180,false,,,,,,,spaceCombat/Standard Laser Beam Violet,event:/SFX/Game_SFX/Lasers/trig_SFX_Basic_Laser_Cannon
T3BaseIRArcLaser,T3 Base IR Arc Laser,T3BaseDefense,,,,true,true,,,900,,800,810,1920,1.15,1.6e-8,2.1,2000,180,false,,,,,,,spaceCombat/Arc Laser Beam Red,event:/SFX/Game_SFX/Lasers/trig_SFX_Arc_Laser_Cannon
T3BaseGreenArcLaser,T3 Base Green Arc Laser,T3BaseDefense,,,,true,true,,,900,,800,540,1920,1.15,1.6e-8,2.2,2000,180,false,,,,,,,spaceCombat/Arc Laser Beam Green,event:/SFX/Game_SFX/Lasers/trig_SFX_Arc_Laser_Cannon
T3BaseUVArcLaser,T3 Base UV Arc Laser,T3BaseDefense,,,,true,true,,,900,,800,270,1920,1.15,1.6e-8,2.3,2000,180,false,,,,,,,spaceCombat/Arc Laser Beam Violet,event:/SFX/Game_SFX/Lasers/trig_SFX_Arc_Laser_Cannon
T3BaseIRPhaser,T3 Base IR Phaser,T3BaseDefense,,,,true,true,,,900,,800,810,1920,1.1,1e-8,3.1,2000,180,false,,,,,,,spaceCombat/Phaser Beam Red,event:/SFX/Game_SFX/Lasers/trig_SFX_Phaser_Cannon
T3BaseGreenPhaser,T3 Base Green Phaser,T3BaseDefense,,,,true,true,,,900,,800,540,1920,1.1,1e-8,3.2,2000,180,false,,,,,,,spaceCombat/Phaser Beam Green,event:/SFX/Game_SFX/Lasers/trig_SFX_Phaser_Cannon
T3BaseUVPhaser,T3 Base UV Phaser,T3BaseDefense,,,,true,true,,,900,,800,270,1920,1.1,1e-8,3.3,2000,180,false,,,,,,,spaceCombat/Phaser Beam Violet,event:/SFX/Game_SFX/Lasers/trig_SFX_Phaser_Cannon
AlienRegionDefenseLaser,Alien Region Defense Laser,RegionDefense,,,Project_AlienMasterProject,true,true,,,36,0.5,1024,450,4096,1.1,1.3e-8,9.9,2000,180,false,,,,,,,spaceCombat/Alien Laser Beam Blue,event:/SFX/Game_SFX/Lasers/trig_SFX_Alien_Laser_Cannon_Hi_Tech
AlienT1BaseDefenseLaser,Alien T1 Base Defense Laser,T1BaseDefense,,,Project_AlienMasterProject,true,true,,,900,0.5,512,450,1024,1.1,1.6e-8,9.9,2000,180,false,,,,,,,spaceCombat/Alien Laser Beam Blue,event:/SFX/Game_SFX/Lasers/trig_SFX_Alien_Laser_Cannon_Hi_Tech
AlienT2BaseDefenseLaser,Alien T2 Base Defense Laser,T2BaseDefense,,,Project_AlienMasterProject,true,true,,,900,0.5,684,450,2048,1.1,1.3e-8,9.9,2000,180,false,,,,,,,spaceCombat/Alien Laser Beam Blue,event:/SFX/Game_SFX/Lasers/trig_SFX_Alien_Laser_Cannon_Hi_Tech
AlienT3BaseDefenseLaser,Alien T3 Base Defense Laser,T3BaseDefense,,,Project_AlienMasterProject,true,true,,,36,0.5,768,450,3072,1.1,1e-8,9.9,2000,180,false,,,,,,,spaceCombat/Alien Laser Beam Blue,event:/SFX/Game_SFX/Lasers/trig_SFX_Alien_Laser_Cannon_Hi_Tech
