"dataName","friendlyName","mount","crew","requiredProjectName","attackMode","defenseMode","warheadClass","Rocket Thrust","EV_kps","acceleration_g","deltaV_kps","baseWeaponMass_tons","cooldown_s","salvo_shots","intraSalvoCooldown_s","efficiency","flatChipping","magazine","ammoMass_kg","fuelMass_kg","systemMass_kg","warheadMass_kg","flatDamage_MJ","thrustRamp_s","rotation_degps","turnRamp_s","maneuver_angle","bombardmentValue","targetingRange_km","pivotRange_deg","isPointDefenseTargetable","weightedBuildMaterials/volatiles","weightedBuildMaterials/metals","ammoMaterials/volatiles","ammoMaterials/metals","ammoMaterials/nobleMetals","iconResource","modelResource","shotModelResource","impactVisualFXResource","fireSoundFXResource","impactSoundFXResource","notes","weightedBuildMaterials/nobleMetals","ammoMaterials/fissiles","shapedChargeAngle","ammoMaterials/exotics","ammoMaterials/antimatter"
"KraitMissileBay","Krait Missile Bay","OneHull",3,"Project_Warships",true,false,"Explosive",69954,2.86,4.46,3.33,15,5,6,1,1,0.8,12,1600,1100,300,200,240,4,25,1,60,0,800,180,true,0.5,0.5,0.69,0.3,0.01,"shipbuildericons/ICO_KraitMissileBay","shipweapons/missile_launcher","spacecombat/AnacondaMissile","spaceCombat/SmallExplosion","event:/SFX/Game_SFX/Guns/trig_SFX_Missile_Launch","event:/SFX/Game_SFX/Guns/trig_SFX_Fragmentation_Missile_Detonates_Ship","Solid-Fuel",,,,,
"AnacondaMissileBay","Anaconda Missile Bay","OneHull",3,"Project_AnacondaMissileBay",true,false,"Explosive",234560,3.23,14.94,3.76,10,5,8,1,1,0.8,16,1600,1100,300,200,360,6,30,1,50,0,800,180,true,0.5,0.5,0.68,0.3,0.02,"shipbuildericons/ICO_AnacondaMissileBay","shipweapons/missile_launcher","spacecombat/AnacondaMissile","spaceCombat/SmallExplosion","event:/SFX/Game_SFX/Guns/trig_SFX_Missile_Launch","event:/SFX/Game_SFX/Guns/trig_SFX_Fragmentation_Missile_Detonates_Ship","Hypergolic Fuel",,,,,
"CobraMissileBay","Cobra Missile Bay","OneHull",3,"Project_AnacondaMissileBay",true,false,"Explosive",234560,3.23,14.94,3.17,10,5,8,1,1,0.8,16,1600,1000,300,300,540,6,30,1,50,0,800,180,true,0.5,0.5,0.68,0.3,0.02,"shipbuildericons/ICO_CobraMissileBay","shipweapons/missile_launcher","spacecombat/AnacondaMissile","spaceCombat/SmallExplosion","event:/SFX/Game_SFX/Guns/trig_SFX_Missile_Launch","event:/SFX/Game_SFX/Guns/trig_SFX_Fragmentation_Missile_Detonates_Ship",,,,,,
"RacerMissileBay","Racer Missile Bay","OneHull",2,"Project_RattlerMissileBay",true,true,"Fragmentation",117280,3.23,29.89,2.67,10,3,6,1,1,0.5,36,400,225,150,25,,2,40,0.5,35,0,500,180,true,0.5,0.5,0.65,0.33,0.02,"shipbuildericons/ICO_RacerMissileBay","shipweapons/missile_launcher","spacecombat/AnacondaMissile","spaceCombat/TinyExplosion","event:/SFX/Game_SFX/Guns/trig_SFX_Missile_Launch","event:/SFX/Game_SFX/Guns/trig_SFX_Fragmentation_Missile_Detonates_Ship",,,,,,
"RattlerMissileBay","Rattler Missile Bay","OneHull",2,"Project_RattlerMissileBay",true,true,"Fragmentation",234560,3.23,14.94,4.48,5,5,8,1,1,0.5,16,1600,1200,350,50,,3,30,0.75,55,0,800,180,true,0.5,0.5,0.65,0.33,0.02,"shipbuildericons/ICO_RattlerMissileBay","shipweapons/missile_launcher","spacecombat/AnacondaMissile","spaceCombat/TinyExplosion","event:/SFX/Game_SFX/Guns/trig_SFX_Missile_Launch","event:/SFX/Game_SFX/Guns/trig_SFX_Fragmentation_Missile_Detonates_Ship",,,,,,
"RiverjackMissileBay","Riverjack Missile Bay","OneHull",2,"Project_RattlerMissileBay",true,true,"Fragmentation",234560,3.23,14.94,3.76,5,5,8,1,1,0.5,16,1600,1100,350,150,,3,30,0.75,55,0,800,180,true,0.5,0.5,0.65,0.33,0.02,"shipbuildericons/ICO_RiverjackMissileBay","shipweapons/missile_launcher","spacecombat/AnacondaMissile","spaceCombat/TinyExplosion","event:/SFX/Game_SFX/Guns/trig_SFX_Missile_Launch","event:/SFX/Game_SFX/Guns/trig_SFX_Fragmentation_Missile_Detonates_Ship",,,,,,
"HarlequinMissileBay","Harlequin Missile Bay","OneHull",2,"Project_HarlequinMissileBay",true,false,"Penetrator",234560,3.23,14.94,4.48,5,5,8,1,1,0.6,16,1600,1200,350,50,,6,25,1,45,0,800,180,true,0.5,0.5,0.65,0.33,0.02,"shipbuildericons/ICO_HarlequinMissileBay","shipweapons/missile_launcher","spacecombat/AnacondaMissile","spaceCombat/ImpactWhite","event:/SFX/Game_SFX/Guns/trig_SFX_Missile_Launch","event:/SFX/Game_SFX/Guns/trig_SFX_Fragmentation_Missile_Detonates_Ship",,,,,,
"KeelbackMissileBay","Keelback Missile Bay","OneHull",2,"Project_HarlequinMissileBay",true,false,"Penetrator",234560,3.23,14.94,3.76,5,5,8,1,1,0.6,16,1600,1100,350,150,,6,25,1,45,0,800,180,true,0.5,0.5,0.65,0.33,0.02,"shipbuildericons/ICO_KeelbackMissileBay","shipweapons/missile_launcher","spacecombat/AnacondaMissile","spaceCombat/ImpactWhite","event:/SFX/Game_SFX/Guns/trig_SFX_Missile_Launch","event:/SFX/Game_SFX/Guns/trig_SFX_Fragmentation_Missile_Detonates_Ship",,,,,,
"CopperheadMissileBay","Copperhead Missile Bay","OneHull",3,"Project_CopperheadMissileBay",true,false,"Explosive",286810,4.45,18.27,3.68,15,5,8,1,1,0.8,16,1600,900,400,300,720,6,25,1,50,0,800,180,true,0.5,0.5,0.65,0.32,0.03,"shipbuildericons/ICO_CopperheadMissileBay","shipweapons/missile_launcher","spacecombat/AnacondaMissile","spaceCombat/SmallExplosion","event:/SFX/Game_SFX/Guns/trig_SFX_Missile_Launch","event:/SFX/Game_SFX/Guns/trig_SFX_Fragmentation_Missile_Detonates_Ship","Hydrolox Fuel",,,,,
"ViperMissileBay","Viper Missile Bay","OneHull",2,"Project_ViperMissileBay",true,true,"Fragmentation",286810,4.45,18.27,5.64,10,5,8,1,1,0.5,16,1600,1150,400,50,,3,35,1,55,0,800,180,true,0.5,0.5,0.65,0.32,0.03,"shipbuildericons/ICO_ViperMissileBay","shipweapons/missile_launcher","spacecombat/AnacondaMissile","spaceCombat/TinyExplosion","event:/SFX/Game_SFX/Guns/trig_SFX_Missile_Launch","event:/SFX/Game_SFX/Guns/trig_SFX_Fragmentation_Missile_Detonates_Ship",,,,,,
"LanceheadMissileBay","Lancehead Missile Bay","OneHull",2,"Project_LanceheadMissileBay",true,false,"Penetrator",286810,4.45,18.27,4.36,10,5,8,1,1,0.6,16,1600,1000,400,200,,6,25,1,45,0,800,180,true,0.5,0.5,0.65,0.32,0.03,"shipbuildericons/ICO_LanceheadMissileBay","shipweapons/missile_launcher","spacecombat/AnacondaMissile","spaceCombat/ImpactWhite","event:/SFX/Game_SFX/Guns/trig_SFX_Missile_Launch","event:/SFX/Game_SFX/Guns/trig_SFX_Fragmentation_Missile_Detonates_Ship",,,,,,
"PythonNuclearMissileBay","Python Nuclear Missile Bay","OneHull",6,"Project_HadesNuclearTorpedoBay",true,true,"Nuclear",286810,4.45,18.27,4.01,15,5,4,1,1,1,8,1600,950,400,250,188325000,3,30,1,55,50,800,180,true,0.4,0.4,0.65,0.27,0.07,"shipbuildericons/ICO_PythonNuclearMissileBay","shipweapons/missile_launcher","spacecombat/AnacondaMissile","spaceCombat/SpaceNuke","event:/SFX/Game_SFX/Guns/trig_SFX_Missile_Launch","event:/SFX/Game_SFX/Guns/trig_SFX_Fragmentation_Missile_Detonates_Ship","50 kt",0.2,0.01,,,
"SidewinderNuclearMissileBay","Sidewinder Nuclear Missile Bay","OneHull",6,"Project_AcheronNuclearTorpedoBay",true,true,"ShapedNuclear",286810,4.45,18.27,3.37,15,5,4,1,1,1,8,1600,850,450,300,418500000,3,30,1,55,50,800,180,true,0.4,0.4,0.62,0.29,0.08,"shipbuildericons/ICO_SidewinderNuclearMissileBay","shipweapons/missile_launcher","spacecombat/AnacondaMissile","spaceCombat/CasabaHowitzer","event:/SFX/Game_SFX/Guns/trig_SFX_Missile_Launch","event:/SFX/Game_SFX/Guns/trig_SFX_Fragmentation_Missile_Detonates_Ship","100 KT",0.2,0.01,0.15,,
"HeraTorpedoBay","Hera Torpedo Bay","OneHull",3,"Project_AnacondaMissileBay",true,false,"Explosive",351840,3.23,7.47,6.22,10,7,,,1,0.8,6,4800,4100,400,300,540,7,20,1,40,0,1000,180,true,0.5,0.5,0.68,0.3,0.02,"shipbuildericons/ICO_HeraTorpedoBay","shipweapons/torpedo_launcher","spacecombat/HeraTorpedo","spaceCombat/BigExplosion","event:/SFX/Game_SFX/Guns/trig_SFX_Torpedo_Launch","event:/SFX/Game_SFX/Guns/trig_SFX_Fragmentation_Missile_Detonates_Ship","Hypergolic",,,,,
"HermesTorpedoBay","Hermes Torpedo Bay","OneHull",2,"Project_HarlequinMissileBay",true,false,"Penetrator",351840,3.23,7.47,4.62,10,7,,,1,0.6,6,4800,3650,400,750,,7,20,1,30,0,1000,180,true,0.5,0.5,0.68,0.3,0.02,"shipbuildericons/ICO_HermesTorpedoBay","shipweapons/torpedo_launcher","spacecombat/HeraTorpedo","spaceCombat/ImpactWhite","event:/SFX/Game_SFX/Guns/trig_SFX_Torpedo_Launch","event:/SFX/Game_SFX/Guns/trig_SFX_Fragmentation_Missile_Detonates_Ship",,,,,,
"HerculesTorpedoBay","Hercules Torpedo Bay","OneHull",2,"Project_RattlerMissileBay",true,false,"Fragmentation",351840,3.23,7.47,5.41,10,7,,,1,0.5,6,4800,3900,400,500,,7,20,1,35,0,1000,180,true,0.5,0.5,0.68,0.3,0.02,"shipbuildericons/ICO_HerculesTorpedoBay","shipweapons/torpedo_launcher","spacecombat/HeraTorpedo","spaceCombat/TinyExplosion","event:/SFX/Game_SFX/Guns/trig_SFX_Torpedo_Launch","event:/SFX/Game_SFX/Guns/trig_SFX_Fragmentation_Missile_Detonates_Ship",,,,,,
"ArtemisTorpedoBay","Artemis Torpedo Bay","OneHull",3,"Project_CopperheadMissileBay",true,false,"Explosive",430215,4.45,9.14,7.97,15,7,,,1,0.8,6,4800,4000,400,400,960,7,20,1,40,0,1000,180,true,0.5,0.5,0.65,0.32,0.03,"shipbuildericons/ICO_ArtemisTorpedoBay","shipweapons/torpedo_launcher","spacecombat/HeraTorpedo","spaceCombat/BigExplosion","event:/SFX/Game_SFX/Guns/trig_SFX_Torpedo_Launch","event:/SFX/Game_SFX/Guns/trig_SFX_Fragmentation_Missile_Detonates_Ship","Hydrolox",,,,,
"VulcanTorpedoBay","Vulcan Torpedo Bay","OneHull",2,"Project_LanceheadMissileBay",true,false,"Penetrator",430215,4.45,9.14,5.99,10,7,,,1,0.6,6,4800,3550,400,850,,7,20,1,30,0,1000,180,true,0.5,0.5,0.65,0.32,0.03,"shipbuildericons/ICO_VulcanTorpedoBay","shipweapons/torpedo_launcher","spacecombat/HeraTorpedo","spaceCombat/ImpactWhite","event:/SFX/Game_SFX/Guns/trig_SFX_Torpedo_Launch","event:/SFX/Game_SFX/Guns/trig_SFX_Fragmentation_Missile_Detonates_Ship",,,,,,
"ApolloTorpedoBay","Apollo Torpedo Bay","OneHull",2,"Project_ViperMissileBay",true,false,"Fragmentation",430215,4.45,9.14,7.45,10,7,,,1,0.5,6,4800,3900,400,500,,7,20,1,35,0,1000,180,true,0.5,0.5,0.65,0.32,0.03,"shipbuildericons/ICO_ApolloTorpedoBay","shipweapons/torpedo_launcher","spacecombat/HeraTorpedo","spaceCombat/TinyExplosion","event:/SFX/Game_SFX/Guns/trig_SFX_Torpedo_Launch","event:/SFX/Game_SFX/Guns/trig_SFX_Fragmentation_Missile_Detonates_Ship",,,,,,
"AthenaTorpedoBay","Athena Torpedo Bay","OneHull",3,"Project_AthenaTorpedoBay",true,false,"Explosive",230300,8.18,4.89,12.83,15,7,,,1,0.8,6,4800,3800,400,600,1800,5,20,1,40,0,1000,180,true,0.5,0.5,0.6,0.29,0.1,"shipbuildericons/ICO_AthenaTorpedoBay","shipweapons/torpedo_launcher","spacecombat/HeraTorpedo","spaceCombat/BigExplosion","event:/SFX/Game_SFX/Guns/trig_SFX_Torpedo_Launch","event:/SFX/Game_SFX/Guns/trig_SFX_Fragmentation_Missile_Detonates_Ship","Nuclear Thermal Rocket",,0.01,,,
"AresTorpedoBay","Ares Torpedo Bay","OneHull",2,"Project_AresTorpedoBay",true,false,"Penetrator",230300,8.18,4.89,8.99,10,7,,,1,0.6,6,4800,3200,400,1200,,5,20,1,30,0,1000,180,true,0.5,0.5,0.6,0.29,0.1,"shipbuildericons/ICO_AresTorpedoBay","shipweapons/torpedo_launcher","spacecombat/HeraTorpedo","spaceCombat/ImpactWhite","event:/SFX/Game_SFX/Guns/trig_SFX_Torpedo_Launch","event:/SFX/Game_SFX/Guns/trig_SFX_Fragmentation_Missile_Detonates_Ship",,,0.01,,,
"PoseidonTorpedoBay","Hestia Torpedo Bay","OneHull",2,"Project_AresTorpedoBay",true,false,"Penetrator",230300,8.18,4.89,18.5,10,7,,,1,0.6,6,4800,4300,400,100,,5,20,1,30,0,1000,180,true,0.5,0.5,0.6,0.29,0.1,"shipbuildericons/ICO_PoseidonTorpedoBay","shipweapons/torpedo_launcher","spacecombat/HeraTorpedo","spaceCombat/ImpactWhite","event:/SFX/Game_SFX/Guns/trig_SFX_Torpedo_Launch","event:/SFX/Game_SFX/Guns/trig_SFX_Fragmentation_Missile_Detonates_Ship",,,0.01,,,
"ZeusTorpedoBay","Zeus Torpedo Bay","OneHull",2,"Project_ZeusTorpedoBay",true,false,"Fragmentation",230300,8.18,4.89,13.69,10,7,,,1,0.5,6,4800,3900,400,500,,5,20,1,35,0,1000,180,true,0.5,0.5,0.6,0.29,0.1,"shipbuildericons/ICO_ZeusTorpedoBay","shipweapons/torpedo_launcher","spacecombat/HeraTorpedo","spaceCombat/TinyExplosion","event:/SFX/Game_SFX/Guns/trig_SFX_Torpedo_Launch","event:/SFX/Game_SFX/Guns/trig_SFX_Fragmentation_Missile_Detonates_Ship",,,0.01,,,
"CerebrusNuclearTorpedoBay","Cerebrus Nuclear Torpedo Bay","OneHull",6,"Project_CerebrusNuclearTorpedoBay",true,false,"Nuclear",351840,3.23,7.47,6.41,25,7,,,1,1,4,4800,4140,400,260,1129950000,8,20,1,40,50,1000,180,true,0.4,0.4,0.65,0.27,0.07,"shipbuildericons/ICO_CerebrusNuclearTorpedoBay","shipweapons/torpedo_launcher","spacecombat/HeraTorpedo","spaceCombat/SpaceNuke","event:/SFX/Game_SFX/Guns/trig_SFX_Torpedo_Launch","event:/SFX/Game_SFX/Guns/trig_SFX_Nuclear_Warhead_Detonates","300 KT (B61) * Hypergolic",0.2,0.01,,,
"HadesNuclearTorpedoBay","Hades Nuclear Torpedo Bay","OneHull",6,"Project_HadesNuclearTorpedoBay",true,false,"Nuclear",430215,4.45,9.14,7.7,20,7,,,1,1,4,4800,3950,400,450,2448225000,8,20,1,40,100,1000,180,true,0.4,0.4,0.62,0.29,0.08,"shipbuildericons/ICO_HadesNuclearTorpedoBay","shipweapons/torpedo_launcher","spacecombat/HeraTorpedo","spaceCombat/SpaceNuke","event:/SFX/Game_SFX/Guns/trig_SFX_Torpedo_Launch","event:/SFX/Game_SFX/Guns/trig_SFX_Nuclear_Warhead_Detonates","600 KT * Hydrolox",0.2,0.01,,,
"NemesisNuclearTorpedoBay","Nemesis Nuclear Torpedo Bay","OneHull",6,"Project_NemesisNuclearTorpedoBay",true,false,"Nuclear",230300,8.18,4.89,10.69,20,7,,,1,1,4,4800,3500,400,900,4519800000,5,20,1,40,500,1000,180,true,0.4,0.4,0.52,0.29,0.18,"shipbuildericons/ICO_NemesisNuclearTorpedoBay","shipweapons/torpedo_launcher","spacecombat/HeraTorpedo","spaceCombat/SpaceNuke","event:/SFX/Game_SFX/Guns/trig_SFX_Torpedo_Launch","event:/SFX/Game_SFX/Guns/trig_SFX_Nuclear_Warhead_Detonates","1.2 MT * NTR",0.2,0.01,,,
"OlympusNuclearTorpedoBay","Olympus Nuclear Torpedo Bay","OneHull",6,"Project_OlympusNuclearTorpedoBay",true,false,"ShapedNuclear",230300,8.18,4.89,10.69,20,7,,,1,1,4,4800,3500,500,800,4185000000,5,20,1,40,500,1000,180,true,0.4,0.4,0.5,0.22,0.26,"shipbuildericons/ICO_OlympusNuclearTorpedoBay","shipweapons/torpedo_launcher","spacecombat/HeraTorpedo","spaceCombat/CasabaHowitzer","event:/SFX/Game_SFX/Guns/trig_SFX_Torpedo_Launch","event:/SFX/Game_SFX/Guns/trig_SFX_Nuclear_Warhead_Detonates","1 MT shaped",0.2,0.02,0.2,,
"AcheronNuclearTorpedoBay","Acheron Nuclear Torpedo Bay","OneHull",6,"Project_AcheronNuclearTorpedoBay",true,false,"ShapedNuclear",230300,8.18,4.89,10.08,20,7,,,1,1,4,4800,3400,600,800,4185000000,5,20,1,40,500,1000,180,true,0.4,0.4,0.5,0.2,0.28,"shipbuildericons/ICO_AcheronNuclearTorpedoBay","shipweapons/torpedo_launcher","spacecombat/HeraTorpedo","spaceCombat/CasabaHowitzer","event:/SFX/Game_SFX/Guns/trig_SFX_Torpedo_Launch","event:/SFX/Game_SFX/Guns/trig_SFX_Nuclear_Warhead_Detonates","1 MT shaped",0.2,0.02,0.15,,
"TartarusNuclearTorpedoBay","Tartarus Nuclear Torpedo Bay","OneHull",6,"Project_TartarusNuclearTorpedoBay",true,false,"ShapedNuclear",230300,8.18,4.89,9.51,20,7,,,1,1,4,4800,3300,700,800,4185000000,5,20,1,40,500,1000,180,true,0.4,0.4,0.5,0.169,0.31,"shipbuildericons/ICO_TartarusNuclearTorpedoBay","shipweapons/torpedo_launcher","spacecombat/HeraTorpedo","spaceCombat/CasabaHowitzer","event:/SFX/Game_SFX/Guns/trig_SFX_Torpedo_Launch","event:/SFX/Game_SFX/Guns/trig_SFX_Nuclear_Warhead_Detonates","1 MT shaped",0.2,0.02,0.125,0.001,
"StyxNuclearTorpedoBay","Styx Nuclear Torpedo Bay","OneHull",6,"Project_StyxNuclearTorpedoBay",true,false,"ShapedNuclear",230300,8.18,4.89,8.99,20,7,,,1,1,4,4800,3200,800,800,4185000000,5,20,1,40,500,1000,180,true,0.4,0.4,0.5,0.168,0.31,"shipbuildericons/ICO_StyxNuclearTorpedoBay","shipweapons/torpedo_launcher","spacecombat/HeraTorpedo","spaceCombat/CasabaHowitzer","event:/SFX/Game_SFX/Guns/trig_SFX_Torpedo_Launch","event:/SFX/Game_SFX/Guns/trig_SFX_Nuclear_Warhead_Detonates","1 MT shaped",0.2,0.02,0.085,0.002,
"AntimatterTorpedoLauncher","Antimatter Torpedo Launcher","OneHull",6,"Project_AntimatterTorpedoLauncher",true,false,"Antimatter",230300,8.18,4.89,14.64,50,7,,,1,0.25,4,4800,3998,800,2,22470010000,5,20,1,40,1000,1000,180,true,0.4,0.4,0.5,0.309975,0.18,"shipbuildericons/ICO_AntimatterTorpedoLauncher","shipweapons/torpedo_launcher","spacecombat/HeraTorpedo","spaceCombat/SpaceNuke","event:/SFX/Game_SFX/Guns/trig_SFX_Torpedo_Launch","event:/SFX/Game_SFX/Guns/trig_SFX_Antimatter_Warhead_Detonates","250 grams of antimatter",0.2,0.01,,,0.000025
"KraitMissilePod","Krait Missile Pod","HalfHull",0,,true,false,"Explosive",69954,2.86,4.46,3.33,7,1,,,1,0.8,4,1600,1100,300,200,240,4,25,1,60,0,800,45,true,0.5,0.5,0.69,0.3,0.01,"shipbuildericons/ICO_KraitMissileBay","shipweapons/missile_launcher","spacecombat/AnacondaMissile","spaceCombat/SmallExplosion","event:/SFX/Game_SFX/Guns/trig_SFX_Missile_Launch","event:/SFX/Game_SFX/Guns/trig_SFX_Fragmentation_Missile_Detonates_Ship","Solid-Fuel",,,,,
"AnacondaMissilePod","Anaconda Missile Pod","HalfHull",0,"Project_AnacondaMissileBay",true,false,"Explosive",234560,3.23,14.94,3.76,5,1,,,1,0.8,4,1600,1100,300,200,360,6,30,1,50,0,800,45,true,0.5,0.5,0.68,0.3,0.02,"shipbuildericons/ICO_AnacondaMissileBay","shipweapons/missile_launcher","spacecombat/AnacondaMissile","spaceCombat/SmallExplosion","event:/SFX/Game_SFX/Guns/trig_SFX_Missile_Launch","event:/SFX/Game_SFX/Guns/trig_SFX_Fragmentation_Missile_Detonates_Ship","Hypergolic Fuel",,,,,
"CobraMissilePod","Cobra Missile Pod","HalfHull",0,"Project_AnacondaMissileBay",true,false,"Explosive",234560,3.23,14.94,3.17,5,1,,,1,0.8,4,1600,1000,300,300,540,6,30,1,50,0,800,45,true,0.5,0.5,0.68,0.3,0.02,"shipbuildericons/ICO_CobraMissileBay","shipweapons/missile_launcher","spacecombat/AnacondaMissile","spaceCombat/SmallExplosion","event:/SFX/Game_SFX/Guns/trig_SFX_Missile_Launch","event:/SFX/Game_SFX/Guns/trig_SFX_Fragmentation_Missile_Detonates_Ship",,,,,,
"RacerMissilePod","Racer Missile Pod","HalfHull",0,"Project_RattlerMissileBay",true,true,"Fragmentation",117280,3.23,29.89,2.67,5,3,6,1,1,0.5,12,400,225,150,25,,2,40,0.5,35,0,500,45,true,0.5,0.5,0.65,0.33,0.02,"shipbuildericons/ICO_RacerMissileBay","shipweapons/missile_launcher","spacecombat/AnacondaMissile","spaceCombat/TinyExplosion","event:/SFX/Game_SFX/Guns/trig_SFX_Missile_Launch","event:/SFX/Game_SFX/Guns/trig_SFX_Fragmentation_Missile_Detonates_Ship",,,,,,
"RattlerMissilePod","Rattler Missile Pod","HalfHull",0,"Project_RattlerMissileBay",true,true,"Fragmentation",234560,3.23,14.94,4.48,2,1,,,1,0.5,4,1600,1200,350,50,,3,30,0.75,55,0,800,45,true,0.5,0.5,0.65,0.33,0.02,"shipbuildericons/ICO_RattlerMissileBay","shipweapons/missile_launcher","spacecombat/AnacondaMissile","spaceCombat/TinyExplosion","event:/SFX/Game_SFX/Guns/trig_SFX_Missile_Launch","event:/SFX/Game_SFX/Guns/trig_SFX_Fragmentation_Missile_Detonates_Ship",,,,,,
"RiverjackMissilePod","Riverjack Missile Pod","HalfHull",0,"Project_RattlerMissileBay",true,true,"Fragmentation",234560,3.23,14.94,3.76,2,1,,,1,0.5,4,1600,1100,350,150,,3,30,0.75,55,0,800,45,true,0.5,0.5,0.65,0.33,0.02,"shipbuildericons/ICO_RiverjackMissileBay","shipweapons/missile_launcher","spacecombat/AnacondaMissile","spaceCombat/TinyExplosion","event:/SFX/Game_SFX/Guns/trig_SFX_Missile_Launch","event:/SFX/Game_SFX/Guns/trig_SFX_Fragmentation_Missile_Detonates_Ship",,,,,,
"HarlequinMissilePod","Harlequin Missile Pod","HalfHull",0,"Project_HarlequinMissileBay",true,false,"Penetrator",234560,3.23,14.94,4.48,2,1,,,1,0.6,4,1600,1200,350,50,,6,25,1,45,0,800,45,true,0.5,0.5,0.65,0.33,0.02,"shipbuildericons/ICO_HarlequinMissileBay","shipweapons/missile_launcher","spacecombat/AnacondaMissile","spaceCombat/ImpactWhite","event:/SFX/Game_SFX/Guns/trig_SFX_Missile_Launch","event:/SFX/Game_SFX/Guns/trig_SFX_Fragmentation_Missile_Detonates_Ship",,,,,,
"KeelbackMissilePod","Keelback Missile Pod","HalfHull",0,"Project_HarlequinMissileBay",true,false,"Penetrator",234560,3.23,14.94,3.76,2,1,,,1,0.6,4,1600,1100,350,150,,6,25,1,45,0,800,45,true,0.5,0.5,0.65,0.33,0.02,"shipbuildericons/ICO_KeelbackMissileBay","shipweapons/missile_launcher","spacecombat/AnacondaMissile","spaceCombat/ImpactWhite","event:/SFX/Game_SFX/Guns/trig_SFX_Missile_Launch","event:/SFX/Game_SFX/Guns/trig_SFX_Fragmentation_Missile_Detonates_Ship",,,,,,
"CopperheadMissilePod","Copperhead Missile Pod","HalfHull",0,"Project_CopperheadMissileBay",true,false,"Explosive",286810,4.45,18.27,3.68,7,1,,,1,0.8,4,1600,900,400,300,720,6,25,1,50,0,800,45,true,0.5,0.5,0.65,0.32,0.03,"shipbuildericons/ICO_CopperheadMissileBay","shipweapons/missile_launcher","spacecombat/AnacondaMissile","spaceCombat/SmallExplosion","event:/SFX/Game_SFX/Guns/trig_SFX_Missile_Launch","event:/SFX/Game_SFX/Guns/trig_SFX_Fragmentation_Missile_Detonates_Ship","Hydrolox Fuel",,,,,
"ViperMissilePod","Viper Missile Pod","HalfHull",0,"Project_ViperMissileBay",true,true,"Fragmentation",286810,4.45,18.27,5.64,5,1,,,1,0.5,4,1600,1150,400,50,,3,35,1,55,0,800,45,true,0.5,0.5,0.65,0.32,0.03,"shipbuildericons/ICO_ViperMissileBay","shipweapons/missile_launcher","spacecombat/AnacondaMissile","spaceCombat/TinyExplosion","event:/SFX/Game_SFX/Guns/trig_SFX_Missile_Launch","event:/SFX/Game_SFX/Guns/trig_SFX_Fragmentation_Missile_Detonates_Ship",,,,,,
"LanceheadMissilePod","Lancehead Missile Pod","HalfHull",0,"Project_LanceheadMissileBay",true,false,"Penetrator",286810,4.45,18.27,4.36,5,1,,,1,0.6,4,1600,1000,400,200,,6,25,1,45,0,800,45,true,0.5,0.5,0.65,0.32,0.03,"shipbuildericons/ICO_LanceheadMissileBay","shipweapons/missile_launcher","spacecombat/AnacondaMissile","spaceCombat/ImpactWhite","event:/SFX/Game_SFX/Guns/trig_SFX_Missile_Launch","event:/SFX/Game_SFX/Guns/trig_SFX_Fragmentation_Missile_Detonates_Ship",,,,,,
"PythonNuclearMissilePod","Python Nuclear Missile Pod","HalfHull",0,"Project_HadesNuclearTorpedoBay",true,true,"Nuclear",286810,4.45,18.27,4.01,7,1,,,1,1,4,1600,950,400,250,188325000,3,30,1,55,0,800,45,true,0.4,0.4,0.65,0.27,0.07,"shipbuildericons/ICO_PythonNuclearMissileBay","shipweapons/missile_launcher","spacecombat/AnacondaMissile","spaceCombat/SpaceNuke","event:/SFX/Game_SFX/Guns/trig_SFX_Missile_Launch","event:/SFX/Game_SFX/Guns/trig_SFX_Nuclear_Warhead_Detonates","50 kt",0.2,0.01,,,
"HeraTorpedoPod","Hera Torpedo Pod","HalfHull",0,"Project_AnacondaMissileBay",true,false,"Explosive",351840,3.23,7.47,6.22,5,7,,,1,0.8,2,4800,4100,400,300,540,7,20,1,40,0,800,45,true,0.5,0.5,0.68,0.3,0.02,"shipbuildericons/ICO_HeraTorpedoBay","shipweapons/torpedo_launcher","spacecombat/HeraTorpedo","spaceCombat/BigExplosion","event:/SFX/Game_SFX/Guns/trig_SFX_Torpedo_Launch","event:/SFX/Game_SFX/Guns/trig_SFX_Fragmentation_Missile_Detonates_Ship","Hypergolic",,,,,
"HermesTorpedoPod","Hermes Torpedo Pod","HalfHull",0,"Project_HarlequinMissileBay",true,false,"Penetrator",351840,3.23,7.47,4.62,2,7,,,1,0.6,2,4800,3650,400,750,,7,20,1,30,0,800,45,true,0.5,0.5,0.68,0.3,0.02,"shipbuildericons/ICO_HermesTorpedoBay","shipweapons/torpedo_launcher","spacecombat/HeraTorpedo","spaceCombat/ImpactWhite","event:/SFX/Game_SFX/Guns/trig_SFX_Torpedo_Launch","event:/SFX/Game_SFX/Guns/trig_SFX_Fragmentation_Missile_Detonates_Ship",,,,,,
"HerculesTorpedoPod","Hercules Torpedo Pod","HalfHull",0,"Project_RattlerMissileBay",true,false,"Fragmentation",351840,3.23,7.47,5.41,10,7,,,1,0.5,2,4800,3900,400,500,,7,20,1,35,0,1000,180,true,0.5,0.5,0.68,0.3,0.02,"shipbuildericons/ICO_HerculesTorpedoBay","shipweapons/torpedo_launcher","spacecombat/HeraTorpedo","spaceCombat/TinyExplosion","event:/SFX/Game_SFX/Guns/trig_SFX_Torpedo_Launch","event:/SFX/Game_SFX/Guns/trig_SFX_Fragmentation_Missile_Detonates_Ship",,,,,,
"ArtemisTorpedoPod","Artemis Torpedo Pod","HalfHull",0,"Project_CopperheadMissileBay",true,false,"Explosive",430215,4.45,9.14,7.97,7,7,,,1,0.8,2,4800,4000,400,400,960,7,20,1,40,0,800,45,true,0.5,0.5,0.65,0.32,0.03,"shipbuildericons/ICO_ArtemisTorpedoBay","shipweapons/torpedo_launcher","spacecombat/HeraTorpedo","spaceCombat/BigExplosion","event:/SFX/Game_SFX/Guns/trig_SFX_Torpedo_Launch","event:/SFX/Game_SFX/Guns/trig_SFX_Fragmentation_Missile_Detonates_Ship","Hydrolox",,,,,
"VulcanTorpedoPod","Vulcan Torpedo Pod","HalfHull",0,"Project_LanceheadMissileBay",true,false,"Penetrator",430215,4.45,9.14,5.99,5,7,,,1,0.6,2,4800,3550,400,850,,7,20,1,30,0,800,45,true,0.5,0.5,0.65,0.32,0.03,"shipbuildericons/ICO_VulcanTorpedoBay","shipweapons/torpedo_launcher","spacecombat/HeraTorpedo","spaceCombat/ImpactWhite","event:/SFX/Game_SFX/Guns/trig_SFX_Torpedo_Launch","event:/SFX/Game_SFX/Guns/trig_SFX_Fragmentation_Missile_Detonates_Ship",,,,,,
"ApolloTorpedoPod","Apollo Torpedo Pod","HalfHull",0,"Project_ViperMissileBay",true,false,"Fragmentation",430215,4.45,9.14,7.45,10,7,,,1,0.5,2,4800,3900,400,500,,7,20,1,35,0,1000,180,true,0.5,0.5,0.65,0.32,0.03,"shipbuildericons/ICO_ApolloTorpedoBay","shipweapons/torpedo_launcher","spacecombat/HeraTorpedo","spaceCombat/TinyExplosion","event:/SFX/Game_SFX/Guns/trig_SFX_Torpedo_Launch","event:/SFX/Game_SFX/Guns/trig_SFX_Fragmentation_Missile_Detonates_Ship",,,,,,
"CerebrusNuclearTorpedoPod","Cerebrus Nuclear Torpedo Pod","HalfHull",0,"Project_CerebrusNuclearTorpedoBay",true,false,"Nuclear",351840,3.23,7.47,6.41,12,7,,,1,1,2,4800,4140,400,260,1129950000,8,20,1,40,0,800,45,true,0.4,0.4,0.65,0.27,0.07,"shipbuildericons/ICO_CerebrusNuclearTorpedoBay","shipweapons/torpedo_launcher","spacecombat/HeraTorpedo","spaceCombat/SpaceNuke","event:/SFX/Game_SFX/Guns/trig_SFX_Torpedo_Launch","event:/SFX/Game_SFX/Guns/trig_SFX_Nuclear_Warhead_Detonates","300 KT (B61) * Hypergolic",0.2,0.01,,,
"HadesNuclearTorpedoPod","Hades Nuclear Torpedo Pod","HalfHull",0,"Project_HadesNuclearTorpedoBay",true,false,"Nuclear",430215,4.45,9.14,7.7,10,7,,,1,1,2,4800,3950,400,450,2448225000,8,20,1,40,0,800,45,true,0.4,0.4,0.62,0.29,0.08,"shipbuildericons/ICO_HadesNuclearTorpedoBay","shipweapons/torpedo_launcher","spacecombat/HeraTorpedo","spaceCombat/SpaceNuke","event:/SFX/Game_SFX/Guns/trig_SFX_Torpedo_Launch","event:/SFX/Game_SFX/Guns/trig_SFX_Nuclear_Warhead_Detonates","600 KT * Hydrolox",0.2,0.01,,,
"GlitteringJewelMissileBay","Glittering Jewel Missile Bay","OneHull",1,"Project_AlienMasterProject",true,false,"Penetrator",300000,4.45,23.89,7.16,3,4,4,1,1,0.6,16,1280,1024,128,128,,5,36,0.5,45,0,1000,180,true,0.5,0.5,0.7,0.2,0.1,"shipbuildericons/ICO_GlitteringJewelMissileBay","shipweapons/alien_missile_launcher","spacecombat/GlitteringJewelMissile","spaceCombat/SmallExplosion","event:/SFX/Game_SFX/Guns/trig_SFX_Alien_Missile_Launch","event:/SFX/Game_SFX/Guns/trig_SFX_Fragmentation_Missile_Detonates_Ship",,,,,,
"GlitteringJewelMissilePod","Glittering Jewel Missile Pod","HalfHull",0,"Project_AlienMasterProject",true,false,"Penetrator",300000,4.45,23.89,7.16,3,6,,,1,0.6,4,1280,1024,128,128,,5,36,0.5,45,0,1000,180,true,0.5,0.5,0.7,0.2,0.1,"shipbuildericons/ICO_GlitteringJewelMissileBay","shipweapons/alien_missile_launcher","spacecombat/GlitteringJewelMissile","spaceCombat/SmallExplosion","event:/SFX/Game_SFX/Guns/trig_SFX_Alien_Missile_Launch","event:/SFX/Game_SFX/Guns/trig_SFX_Fragmentation_Missile_Detonates_Ship",,,,,,
"IridescentStarTorpedoBay","Iridescent Star Torpedo Bay","OneHull",1,"Project_AlienMasterProject",true,false,"Penetrator",290000,8.83,11.55,14.21,10,8,,,1,0.8,8,2560,2048,256,256,,5,32,1,35,0,1000,180,true,0.5,0.5,0.85,0.1,0.05,"shipbuildericons/ICO_IridescentStarTorpedoBay","shipweapons/alien_torpedo_launcher","spaceCombat/IridescentStarTorpedo","spaceCombat/BigExplosion","event:/SFX/Game_SFX/Guns/trig_SFX_Alien_Torpedo_Launch","event:/SFX/Game_SFX/Guns/trig_SFX_Fragmentation_Missile_Detonates_Ship",,,,,,
"LuminousSwarmMissileBay","Luminous Swarm Missile Bay","OneHull",1,"Project_AlienMasterProject",true,true,"Penetrator",145000,4.45,41.99,5.78,10,3,8,1,1,0.6,36,352,256,64,32,,1,48,0.25,35,0,600,180,true,0.5,0.5,0.7,0.25,0.05,"shipbuildericons/ICO_LuminousSwarmMissileBay","shipweapons/alien_missile_launcher","spacecombat/GlitteringJewelMissile","spaceCombat/SmallExplosion","event:/SFX/Game_SFX/Guns/trig_SFX_Alien_Missile_Launch","event:/SFX/Game_SFX/Guns/trig_SFX_Fragmentation_Missile_Detonates_Ship",,,,,,
"BrilliantSkyMissileBay","Brilliant Sky Missile Bay","OneHull",1,"Project_AlienAdvancedMasterProject",true,false,"Penetrator",420000,16,58.17,19.03,10,4,8,1,1,0.6,16,736,512,128,96,,3,36,0.5,55,0,1200,180,true,0.5,0.5,0.7,0.15,0.15,"shipbuildericons/ICO_BrilliantSkyMissileBay","shipweapons/alien_missile_launcher","spacecombat/GlitteringJewelMissile","spaceCombat/SmallExplosion","event:/SFX/Game_SFX/Guns/trig_SFX_Alien_Missile_Launch","event:/SFX/Game_SFX/Guns/trig_SFX_Fragmentation_Missile_Detonates_Ship",,,,,,
"PredatoryStarTorpedoBay","Predatory Star Torpedo Bay","OneHull",1,"Project_AlienAdvancedMasterProject",true,false,"Penetrator",420000,16,24.95,19.35,20,6,,,1,0.8,8,1716,1204,256,256,,4,32,1,30,0,1200,180,true,0.5,0.5,0.85,0.1,0.05,"shipbuildericons/ICO_PredatoryStarTorpedoBay","shipweapons/alien_torpedo_launcher","spaceCombat/IridescentStarTorpedo","spaceCombat/BigExplosion","event:/SFX/Game_SFX/Guns/trig_SFX_Alien_Torpedo_Launch","event:/SFX/Game_SFX/Guns/trig_SFX_Fragmentation_Missile_Detonates_Ship",,,,,,
